rule,period,grid_contracts,candidate_tokens,n_selected,n_real_in_grid,n_real_all,tp,fp,fn,tn,precision,recall,f1,select_rate
baseline_first_eligibility,2026-09-10,288,287,287,227,227,227,60,0,289,0.7909407665505227,1.0,0.8832684824902723,0.4982638888888889
baseline_first_eligibility,2026-09-11,287,286,286,170,170,170,116,0,288,0.5944055944055944,1.0,0.7456140350877193,0.49825783972125437
baseline_first_eligibility,2026-09-12,288,293,293,97,97,97,196,0,283,0.3310580204778157,1.0,0.49743589743589745,0.5086805555555556
baseline_first_eligibility,2026-09-13,288,292,292,94,94,94,198,0,284,0.3219178082191781,1.0,0.48704663212435234,0.5069444444444444
baseline_first_eligibility,2026-09-14,288,292,292,156,156,156,136,0,284,0.5342465753424658,1.0,0.6964285714285714,0.5069444444444444
baseline_first_eligibility,2026-09-15,288,290,290,133,133,133,157,0,286,0.4586206896551724,1.0,0.6288416075650118,0.5034722222222222
baseline_first_eligibility,2026-09-16,288,291,291,121,121,121,170,0,285,0.41580756013745707,1.0,0.587378640776699,0.5052083333333334
baseline_first_eligibility,2026-09-17,288,291,291,132,132,131,160,1,284,0.45017182130584193,0.9924242424242424,0.6193853427895981,0.5052083333333334
baseline_first_eligibility,2026-09-18,288,283,283,92,92,86,197,6,287,0.303886925795053,0.9347826086956522,0.45866666666666667,0.4913194444444444
baseline_first_eligibility,2026-09-19,274,256,256,89,89,85,171,4,288,0.33203125,0.9550561797752809,0.4927536231884058,0.46715328467153283
baseline_first_eligibility,2026-09-20,288,287,287,121,121,118,169,3,286,0.41114982578397213,0.9752066115702479,0.5784313725490197,0.4982638888888889
baseline_first_eligibility,2026-09-21,288,285,285,118,118,112,173,6,285,0.3929824561403509,0.9491525423728814,0.5558312655086849,0.4947916666666667
baseline_first_eligibility,2026-09-22,288,287,287,141,141,136,151,5,284,0.4738675958188153,0.9645390070921985,0.6355140186915887,0.4982638888888889
baseline_first_eligibility,2026-09-23,288,283,283,111,111,105,178,6,287,0.3710247349823322,0.9459459459459459,0.5329949238578681,0.4913194444444444
baseline_first_eligibility,2026-09-24,288,286,286,98,98,95,191,3,287,0.3321678321678322,0.9693877551020408,0.4947916666666667,0.4965277777777778
baseline_first_eligibility,2026-09-25,288,290,290,89,89,88,202,1,285,0.30344827586206896,0.9887640449438202,0.46437994722955145,0.5034722222222222
baseline_first_eligibility,2026-09-26,288,283,283,59,59,57,226,2,291,0.20141342756183744,0.9661016949152542,0.3333333333333333,0.4913194444444444
baseline_first_eligibility,2026-09-27,288,287,287,45,45,45,242,0,289,0.156794425087108,1.0,0.2710843373493976,0.4982638888888889
baseline_first_eligibility,2026-09-28,288,279,279,42,42,36,243,6,291,0.12903225806451613,0.8571428571428571,0.22429906542056074,0.484375
baseline_first_eligibility,2026-09-29,288,295,295,55,55,54,241,1,280,0.18305084745762712,0.9818181818181818,0.30857142857142855,0.5121527777777778
baseline_first_eligibility,2026-09-30,288,284,284,74,74,71,213,3,289,0.25,0.9594594594594594,0.39664804469273746,0.4930555555555556
baseline_first_eligibility,2026-10-01,155,154,154,35,35,34,120,1,155,0.22077922077922077,0.9714285714285714,0.35978835978835977,0.4967741935483871
prior_print_5m_delay0ms,2026-09-10,288,287,264,227,227,211,53,16,296,0.7992424242424242,0.9295154185022027,0.8594704684317719,0.4583333333333333
prior_print_5m_delay0ms,2026-09-11,287,286,245,170,170,149,96,21,308,0.6081632653061224,0.8764705882352941,0.7180722891566265,0.4268292682926829
prior_print_5m_delay0ms,2026-09-12,288,293,271,97,97,92,179,5,300,0.33948339483394835,0.9484536082474226,0.5,0.4704861111111111
prior_print_5m_delay0ms,2026-09-13,288,292,259,94,94,89,170,5,312,0.3436293436293436,0.9468085106382979,0.5042492917847026,0.4496527777777778
prior_print_5m_delay0ms,2026-09-14,288,292,252,156,156,138,114,18,306,0.5476190476190477,0.8846153846153846,0.6764705882352942,0.4375
prior_print_5m_delay0ms,2026-09-15,288,290,252,133,133,122,130,11,313,0.48412698412698413,0.9172932330827067,0.6337662337662338,0.4375
prior_print_5m_delay0ms,2026-09-16,288,291,228,121,121,107,121,14,334,0.4692982456140351,0.8842975206611571,0.6131805157593123,0.3958333333333333
prior_print_5m_delay0ms,2026-09-17,288,291,242,132,132,113,129,19,315,0.4669421487603306,0.8560606060606061,0.6042780748663101,0.4201388888888889
prior_print_5m_delay0ms,2026-09-18,288,283,219,92,92,71,148,21,336,0.3242009132420091,0.7717391304347826,0.4565916398713826,0.3802083333333333
prior_print_5m_delay0ms,2026-09-19,274,256,188,89,89,67,121,22,338,0.35638297872340424,0.7528089887640449,0.48375451263537905,0.34306569343065696
prior_print_5m_delay0ms,2026-09-20,288,287,221,121,121,99,122,22,333,0.4479638009049774,0.8181818181818182,0.5789473684210527,0.3836805555555556
prior_print_5m_delay0ms,2026-09-21,288,285,215,118,118,97,118,21,340,0.4511627906976744,0.8220338983050848,0.5825825825825826,0.3732638888888889
prior_print_5m_delay0ms,2026-09-22,288,287,203,141,141,106,97,35,338,0.5221674876847291,0.75177304964539,0.6162790697674418,0.3524305555555556
prior_print_5m_delay0ms,2026-09-23,288,283,190,111,111,87,103,24,362,0.45789473684210524,0.7837837837837838,0.5780730897009967,0.3298611111111111
prior_print_5m_delay0ms,2026-09-24,288,286,174,98,98,78,96,20,382,0.4482758620689655,0.7959183673469388,0.5735294117647058,0.3020833333333333
prior_print_5m_delay0ms,2026-09-25,288,290,157,89,89,63,94,26,393,0.4012738853503185,0.7078651685393258,0.5121951219512195,0.2725694444444444
prior_print_5m_delay0ms,2026-09-26,288,283,156,59,59,36,120,23,397,0.23076923076923078,0.6101694915254238,0.33488372093023255,0.2708333333333333
prior_print_5m_delay0ms,2026-09-27,288,287,138,45,45,24,114,21,417,0.17391304347826086,0.5333333333333333,0.26229508196721313,0.23958333333333334
prior_print_5m_delay0ms,2026-09-28,288,279,106,42,42,22,84,20,450,0.20754716981132076,0.5238095238095238,0.2972972972972973,0.1840277777777778
prior_print_5m_delay0ms,2026-09-29,288,295,137,55,55,30,107,25,414,0.21897810218978103,0.5454545454545454,0.3125,0.2378472222222222
prior_print_5m_delay0ms,2026-09-30,288,284,151,74,74,51,100,23,402,0.33774834437086093,0.6891891891891891,0.4533333333333333,0.2621527777777778
prior_print_5m_delay0ms,2026-10-01,155,154,77,35,35,27,50,8,225,0.35064935064935066,0.7714285714285715,0.48214285714285715,0.24838709677419354
prior_print_5m_delay1000ms,2026-09-10,288,287,264,227,227,211,53,16,296,0.7992424242424242,0.9295154185022027,0.8594704684317719,0.4583333333333333
prior_print_5m_delay1000ms,2026-09-11,287,286,246,170,170,150,96,20,308,0.6097560975609756,0.8823529411764706,0.7211538461538461,0.42857142857142855
prior_print_5m_delay1000ms,2026-09-12,288,293,269,97,97,91,178,6,301,0.3382899628252788,0.9381443298969072,0.4972677595628415,0.4670138888888889
prior_print_5m_delay1000ms,2026-09-13,288,292,260,94,94,89,171,5,311,0.3423076923076923,0.9468085106382979,0.5028248587570622,0.4513888888888889
prior_print_5m_delay1000ms,2026-09-14,288,292,253,156,156,139,114,17,306,0.549407114624506,0.8910256410256411,0.6797066014669927,0.4392361111111111
prior_print_5m_delay1000ms,2026-09-15,288,290,253,133,133,122,131,11,312,0.48221343873517786,0.9172932330827067,0.6321243523316062,0.4392361111111111
prior_print_5m_delay1000ms,2026-09-16,288,291,232,121,121,109,123,12,332,0.4698275862068966,0.9008264462809917,0.6175637393767706,0.4027777777777778
prior_print_5m_delay1000ms,2026-09-17,288,291,241,132,132,113,128,19,316,0.46887966804979253,0.8560606060606061,0.6058981233243967,0.4184027777777778
prior_print_5m_delay1000ms,2026-09-18,288,283,219,92,92,71,148,21,336,0.3242009132420091,0.7717391304347826,0.4565916398713826,0.3802083333333333
prior_print_5m_delay1000ms,2026-09-19,274,256,189,89,89,67,122,22,337,0.3544973544973545,0.7528089887640449,0.48201438848920863,0.3448905109489051
prior_print_5m_delay1000ms,2026-09-20,288,287,221,121,121,99,122,22,333,0.4479638009049774,0.8181818181818182,0.5789473684210527,0.3836805555555556
prior_print_5m_delay1000ms,2026-09-21,288,285,216,118,118,98,118,20,340,0.4537037037037037,0.8305084745762712,0.5868263473053892,0.375
prior_print_5m_delay1000ms,2026-09-22,288,287,205,141,141,106,99,35,336,0.5170731707317073,0.75177304964539,0.6127167630057804,0.3559027777777778
prior_print_5m_delay1000ms,2026-09-23,288,283,190,111,111,87,103,24,362,0.45789473684210524,0.7837837837837838,0.5780730897009967,0.3298611111111111
prior_print_5m_delay1000ms,2026-09-24,288,286,174,98,98,78,96,20,382,0.4482758620689655,0.7959183673469388,0.5735294117647058,0.3020833333333333
prior_print_5m_delay1000ms,2026-09-25,288,290,156,89,89,62,94,27,393,0.3974358974358974,0.6966292134831461,0.5061224489795918,0.2708333333333333
prior_print_5m_delay1000ms,2026-09-26,288,283,155,59,59,35,120,24,397,0.22580645161290322,0.5932203389830508,0.32710280373831774,0.2690972222222222
prior_print_5m_delay1000ms,2026-09-27,288,287,137,45,45,23,114,22,417,0.1678832116788321,0.5111111111111111,0.25274725274725274,0.2378472222222222
prior_print_5m_delay1000ms,2026-09-28,288,279,106,42,42,22,84,20,450,0.20754716981132076,0.5238095238095238,0.2972972972972973,0.1840277777777778
prior_print_5m_delay1000ms,2026-09-29,288,295,137,55,55,30,107,25,414,0.21897810218978103,0.5454545454545454,0.3125,0.2378472222222222
prior_print_5m_delay1000ms,2026-09-30,288,284,150,74,74,51,99,23,403,0.34,0.6891891891891891,0.45535714285714285,0.2604166666666667
prior_print_5m_delay1000ms,2026-10-01,155,154,77,35,35,27,50,8,225,0.35064935064935066,0.7714285714285715,0.48214285714285715,0.24838709677419354
prior_print_5m_delay5000ms,2026-09-10,288,287,265,227,227,211,54,16,295,0.7962264150943397,0.9295154185022027,0.8577235772357723,0.4600694444444444
prior_print_5m_delay5000ms,2026-09-11,287,286,246,170,170,150,96,20,308,0.6097560975609756,0.8823529411764706,0.7211538461538461,0.42857142857142855
prior_print_5m_delay5000ms,2026-09-12,288,293,269,97,97,92,177,5,302,0.3420074349442379,0.9484536082474226,0.5027322404371585,0.4670138888888889
prior_print_5m_delay5000ms,2026-09-13,288,292,256,94,94,89,167,5,315,0.34765625,0.9468085106382979,0.5085714285714286,0.4444444444444444
prior_print_5m_delay5000ms,2026-09-14,288,292,253,156,156,138,115,18,305,0.5454545454545454,0.8846153846153846,0.6748166259168704,0.4392361111111111
prior_print_5m_delay5000ms,2026-09-15,288,290,252,133,133,121,131,12,312,0.4801587301587302,0.9097744360902256,0.6285714285714286,0.4375
prior_print_5m_delay5000ms,2026-09-16,288,291,231,121,121,108,123,13,332,0.4675324675324675,0.8925619834710744,0.6136363636363636,0.4010416666666667
prior_print_5m_delay5000ms,2026-09-17,288,291,238,132,132,113,125,19,319,0.47478991596638653,0.8560606060606061,0.6108108108108108,0.4131944444444444
prior_print_5m_delay5000ms,2026-09-18,288,283,216,92,92,69,147,23,337,0.3194444444444444,0.75,0.44805194805194803,0.375
prior_print_5m_delay5000ms,2026-09-19,274,256,190,89,89,66,124,23,335,0.3473684210526316,0.7415730337078652,0.4731182795698925,0.3467153284671533
prior_print_5m_delay5000ms,2026-09-20,288,287,222,121,121,99,123,22,332,0.44594594594594594,0.8181818181818182,0.577259475218659,0.3854166666666667
prior_print_5m_delay5000ms,2026-09-21,288,285,219,118,118,98,121,20,337,0.4474885844748858,0.8305084745762712,0.5816023738872403,0.3802083333333333
prior_print_5m_delay5000ms,2026-09-22,288,287,205,141,141,106,99,35,336,0.5170731707317073,0.75177304964539,0.6127167630057804,0.3559027777777778
prior_print_5m_delay5000ms,2026-09-23,288,283,188,111,111,86,102,25,363,0.4574468085106383,0.7747747747747747,0.5752508361204013,0.3263888888888889
prior_print_5m_delay5000ms,2026-09-24,288,286,171,98,98,77,94,21,384,0.4502923976608187,0.7857142857142857,0.5724907063197026,0.296875
prior_print_5m_delay5000ms,2026-09-25,288,290,155,89,89,61,94,28,393,0.3935483870967742,0.6853932584269663,0.5,0.2690972222222222
prior_print_5m_delay5000ms,2026-09-26,288,283,160,59,59,35,125,24,392,0.21875,0.5932203389830508,0.319634703196347,0.2777777777777778
prior_print_5m_delay5000ms,2026-09-27,288,287,138,45,45,23,115,22,416,0.16666666666666666,0.5111111111111111,0.25136612021857924,0.23958333333333334
prior_print_5m_delay5000ms,2026-09-28,288,279,105,42,42,23,82,19,452,0.21904761904761905,0.5476190476190477,0.3129251700680272,0.18229166666666666
prior_print_5m_delay5000ms,2026-09-29,288,295,137,55,55,30,107,25,414,0.21897810218978103,0.5454545454545454,0.3125,0.2378472222222222
prior_print_5m_delay5000ms,2026-09-30,288,284,147,74,74,48,99,26,403,0.32653061224489793,0.6486486486486487,0.4343891402714932,0.2552083333333333
prior_print_5m_delay5000ms,2026-10-01,155,154,77,35,35,27,50,8,225,0.35064935064935066,0.7714285714285715,0.48214285714285715,0.24838709677419354
prior_print_15m_delay0ms,2026-09-10,288,287,285,227,227,226,59,1,290,0.7929824561403509,0.9955947136563876,0.8828125,0.4947916666666667
prior_print_15m_delay0ms,2026-09-11,287,286,285,170,170,170,115,0,289,0.5964912280701754,1.0,0.7472527472527473,0.4965156794425087
prior_print_15m_delay0ms,2026-09-12,288,293,293,97,97,97,196,0,283,0.3310580204778157,1.0,0.49743589743589745,0.5086805555555556
prior_print_15m_delay0ms,2026-09-13,288,292,291,94,94,94,197,0,285,0.3230240549828179,1.0,0.4883116883116883,0.5052083333333334
prior_print_15m_delay0ms,2026-09-14,288,292,292,156,156,156,136,0,284,0.5342465753424658,1.0,0.6964285714285714,0.5069444444444444
prior_print_15m_delay0ms,2026-09-15,288,290,285,133,133,133,152,0,291,0.4666666666666667,1.0,0.6363636363636364,0.4947916666666667
prior_print_15m_delay0ms,2026-09-16,288,291,285,121,121,120,165,1,290,0.42105263157894735,0.9917355371900827,0.5911330049261084,0.4947916666666667
prior_print_15m_delay0ms,2026-09-17,288,291,287,132,132,131,156,1,288,0.4564459930313589,0.9924242424242424,0.6252983293556086,0.4982638888888889
prior_print_15m_delay0ms,2026-09-18,288,283,277,92,92,85,192,7,292,0.30685920577617326,0.9239130434782609,0.46070460704607047,0.4809027777777778
prior_print_15m_delay0ms,2026-09-19,274,256,251,89,89,83,168,6,291,0.33067729083665337,0.9325842696629213,0.48823529411764705,0.458029197080292
prior_print_15m_delay0ms,2026-09-20,288,287,282,121,121,116,166,5,289,0.41134751773049644,0.9586776859504132,0.575682382133995,0.4895833333333333
prior_print_15m_delay0ms,2026-09-21,288,285,279,118,118,112,167,6,291,0.4014336917562724,0.9491525423728814,0.5642317380352645,0.484375
prior_print_15m_delay0ms,2026-09-22,288,287,277,141,141,132,145,9,290,0.47653429602888087,0.9361702127659575,0.631578947368421,0.4809027777777778
prior_print_15m_delay0ms,2026-09-23,288,283,264,111,111,105,159,6,306,0.3977272727272727,0.9459459459459459,0.56,0.4583333333333333
prior_print_15m_delay0ms,2026-09-24,288,286,262,98,98,93,169,5,309,0.3549618320610687,0.9489795918367347,0.5166666666666667,0.4548611111111111
prior_print_15m_delay0ms,2026-09-25,288,290,248,89,89,82,166,7,321,0.33064516129032256,0.9213483146067416,0.486646884272997,0.4305555555555556
prior_print_15m_delay0ms,2026-09-26,288,283,262,59,59,53,209,6,308,0.20229007633587787,0.8983050847457628,0.3302180685358255,0.4548611111111111
prior_print_15m_delay0ms,2026-09-27,288,287,263,45,45,39,224,6,307,0.1482889733840304,0.8666666666666667,0.2532467532467532,0.4565972222222222
prior_print_15m_delay0ms,2026-09-28,288,279,216,42,42,32,184,10,350,0.14814814814814814,0.7619047619047619,0.24806201550387597,0.375
prior_print_15m_delay0ms,2026-09-29,288,295,249,55,55,46,203,9,318,0.18473895582329317,0.8363636363636363,0.3026315789473684,0.4322916666666667
prior_print_15m_delay0ms,2026-09-30,288,284,253,74,74,68,185,6,317,0.26877470355731226,0.918918918918919,0.41590214067278286,0.4392361111111111
prior_print_15m_delay0ms,2026-10-01,155,154,139,35,35,34,105,1,170,0.2446043165467626,0.9714285714285714,0.39080459770114945,0.4483870967741935
prior_print_15m_delay1000ms,2026-09-10,288,287,285,227,227,226,59,1,290,0.7929824561403509,0.9955947136563876,0.8828125,0.4947916666666667
prior_print_15m_delay1000ms,2026-09-11,287,286,285,170,170,170,115,0,289,0.5964912280701754,1.0,0.7472527472527473,0.4965156794425087
prior_print_15m_delay1000ms,2026-09-12,288,293,293,97,97,97,196,0,283,0.3310580204778157,1.0,0.49743589743589745,0.5086805555555556
prior_print_15m_delay1000ms,2026-09-13,288,292,291,94,94,94,197,0,285,0.3230240549828179,1.0,0.4883116883116883,0.5052083333333334
prior_print_15m_delay1000ms,2026-09-14,288,292,292,156,156,156,136,0,284,0.5342465753424658,1.0,0.6964285714285714,0.5069444444444444
prior_print_15m_delay1000ms,2026-09-15,288,290,285,133,133,133,152,0,291,0.4666666666666667,1.0,0.6363636363636364,0.4947916666666667
prior_print_15m_delay1000ms,2026-09-16,288,291,285,121,121,120,165,1,290,0.42105263157894735,0.9917355371900827,0.5911330049261084,0.4947916666666667
prior_print_15m_delay1000ms,2026-09-17,288,291,287,132,132,131,156,1,288,0.4564459930313589,0.9924242424242424,0.6252983293556086,0.4982638888888889
prior_print_15m_delay1000ms,2026-09-18,288,283,277,92,92,85,192,7,292,0.30685920577617326,0.9239130434782609,0.46070460704607047,0.4809027777777778
prior_print_15m_delay1000ms,2026-09-19,274,256,251,89,89,83,168,6,291,0.33067729083665337,0.9325842696629213,0.48823529411764705,0.458029197080292
prior_print_15m_delay1000ms,2026-09-20,288,287,282,121,121,116,166,5,289,0.41134751773049644,0.9586776859504132,0.575682382133995,0.4895833333333333
prior_print_15m_delay1000ms,2026-09-21,288,285,279,118,118,112,167,6,291,0.4014336917562724,0.9491525423728814,0.5642317380352645,0.484375
prior_print_15m_delay1000ms,2026-09-22,288,287,277,141,141,132,145,9,290,0.47653429602888087,0.9361702127659575,0.631578947368421,0.4809027777777778
prior_print_15m_delay1000ms,2026-09-23,288,283,264,111,111,105,159,6,306,0.3977272727272727,0.9459459459459459,0.56,0.4583333333333333
prior_print_15m_delay1000ms,2026-09-24,288,286,262,98,98,93,169,5,309,0.3549618320610687,0.9489795918367347,0.5166666666666667,0.4548611111111111
prior_print_15m_delay1000ms,2026-09-25,288,290,248,89,89,82,166,7,321,0.33064516129032256,0.9213483146067416,0.486646884272997,0.4305555555555556
prior_print_15m_delay1000ms,2026-09-26,288,283,262,59,59,53,209,6,308,0.20229007633587787,0.8983050847457628,0.3302180685358255,0.4548611111111111
prior_print_15m_delay1000ms,2026-09-27,288,287,263,45,45,39,224,6,307,0.1482889733840304,0.8666666666666667,0.2532467532467532,0.4565972222222222
prior_print_15m_delay1000ms,2026-09-28,288,279,216,42,42,32,184,10,350,0.14814814814814814,0.7619047619047619,0.24806201550387597,0.375
prior_print_15m_delay1000ms,2026-09-29,288,295,249,55,55,46,203,9,318,0.18473895582329317,0.8363636363636363,0.3026315789473684,0.4322916666666667
prior_print_15m_delay1000ms,2026-09-30,288,284,252,74,74,68,184,6,318,0.2698412698412698,0.918918918918919,0.4171779141104294,0.4375
prior_print_15m_delay1000ms,2026-10-01,155,154,139,35,35,34,105,1,170,0.2446043165467626,0.9714285714285714,0.39080459770114945,0.4483870967741935
prior_print_15m_delay5000ms,2026-09-10,288,287,285,227,227,226,59,1,290,0.7929824561403509,0.9955947136563876,0.8828125,0.4947916666666667
prior_print_15m_delay5000ms,2026-09-11,287,286,285,170,170,170,115,0,289,0.5964912280701754,1.0,0.7472527472527473,0.4965156794425087
prior_print_15m_delay5000ms,2026-09-12,288,293,293,97,97,97,196,0,283,0.3310580204778157,1.0,0.49743589743589745,0.5086805555555556
prior_print_15m_delay5000ms,2026-09-13,288,292,291,94,94,94,197,0,285,0.3230240549828179,1.0,0.4883116883116883,0.5052083333333334
prior_print_15m_delay5000ms,2026-09-14,288,292,292,156,156,156,136,0,284,0.5342465753424658,1.0,0.6964285714285714,0.5069444444444444
prior_print_15m_delay5000ms,2026-09-15,288,290,285,133,133,133,152,0,291,0.4666666666666667,1.0,0.6363636363636364,0.4947916666666667
prior_print_15m_delay5000ms,2026-09-16,288,291,285,121,121,120,165,1,290,0.42105263157894735,0.9917355371900827,0.5911330049261084,0.4947916666666667
prior_print_15m_delay5000ms,2026-09-17,288,291,286,132,132,130,156,2,288,0.45454545454545453,0.9848484848484849,0.6220095693779905,0.4965277777777778
prior_print_15m_delay5000ms,2026-09-18,288,283,277,92,92,85,192,7,292,0.30685920577617326,0.9239130434782609,0.46070460704607047,0.4809027777777778
prior_print_15m_delay5000ms,2026-09-19,274,256,252,89,89,83,169,6,290,0.32936507936507936,0.9325842696629213,0.4868035190615836,0.45985401459854014
prior_print_15m_delay5000ms,2026-09-20,288,287,282,121,121,116,166,5,289,0.41134751773049644,0.9586776859504132,0.575682382133995,0.4895833333333333
prior_print_15m_delay5000ms,2026-09-21,288,285,278,118,118,112,166,6,292,0.4028776978417266,0.9491525423728814,0.5656565656565656,0.4826388888888889
prior_print_15m_delay5000ms,2026-09-22,288,287,278,141,141,132,146,9,289,0.4748201438848921,0.9361702127659575,0.630071599045346,0.4826388888888889
prior_print_15m_delay5000ms,2026-09-23,288,283,264,111,111,105,159,6,306,0.3977272727272727,0.9459459459459459,0.56,0.4583333333333333
prior_print_15m_delay5000ms,2026-09-24,288,286,262,98,98,93,169,5,309,0.3549618320610687,0.9489795918367347,0.5166666666666667,0.4548611111111111
prior_print_15m_delay5000ms,2026-09-25,288,290,248,89,89,82,166,7,321,0.33064516129032256,0.9213483146067416,0.486646884272997,0.4305555555555556
prior_print_15m_delay5000ms,2026-09-26,288,283,262,59,59,53,209,6,308,0.20229007633587787,0.8983050847457628,0.3302180685358255,0.4548611111111111
prior_print_15m_delay5000ms,2026-09-27,288,287,264,45,45,40,224,5,307,0.15151515151515152,0.8888888888888888,0.2588996763754045,0.4583333333333333
prior_print_15m_delay5000ms,2026-09-28,288,279,217,42,42,32,185,10,349,0.14746543778801843,0.7619047619047619,0.2471042471042471,0.3767361111111111
prior_print_15m_delay5000ms,2026-09-29,288,295,251,55,55,46,205,9,316,0.18326693227091634,0.8363636363636363,0.3006535947712418,0.4357638888888889
prior_print_15m_delay5000ms,2026-09-30,288,284,252,74,74,68,184,6,318,0.2698412698412698,0.918918918918919,0.4171779141104294,0.4375
prior_print_15m_delay5000ms,2026-10-01,155,154,139,35,35,34,105,1,170,0.2446043165467626,0.9714285714285714,0.39080459770114945,0.4483870967741935
prior_print_60m_delay0ms,2026-09-10,288,287,287,227,227,227,60,0,289,0.7909407665505227,1.0,0.8832684824902723,0.4982638888888889
prior_print_60m_delay0ms,2026-09-11,287,286,286,170,170,170,116,0,288,0.5944055944055944,1.0,0.7456140350877193,0.49825783972125437
prior_print_60m_delay0ms,2026-09-12,288,293,293,97,97,97,196,0,283,0.3310580204778157,1.0,0.49743589743589745,0.5086805555555556
prior_print_60m_delay0ms,2026-09-13,288,292,292,94,94,94,198,0,284,0.3219178082191781,1.0,0.48704663212435234,0.5069444444444444
prior_print_60m_delay0ms,2026-09-14,288,292,292,156,156,156,136,0,284,0.5342465753424658,1.0,0.6964285714285714,0.5069444444444444
prior_print_60m_delay0ms,2026-09-15,288,290,290,133,133,133,157,0,286,0.4586206896551724,1.0,0.6288416075650118,0.5034722222222222
prior_print_60m_delay0ms,2026-09-16,288,291,291,121,121,121,170,0,285,0.41580756013745707,1.0,0.587378640776699,0.5052083333333334
prior_print_60m_delay0ms,2026-09-17,288,291,291,132,132,131,160,1,284,0.45017182130584193,0.9924242424242424,0.6193853427895981,0.5052083333333334
prior_print_60m_delay0ms,2026-09-18,288,283,283,92,92,86,197,6,287,0.303886925795053,0.9347826086956522,0.45866666666666667,0.4913194444444444
prior_print_60m_delay0ms,2026-09-19,274,256,255,89,89,84,171,5,288,0.32941176470588235,0.9438202247191011,0.4883720930232558,0.4653284671532847
prior_print_60m_delay0ms,2026-09-20,288,287,287,121,121,118,169,3,286,0.41114982578397213,0.9752066115702479,0.5784313725490197,0.4982638888888889
prior_print_60m_delay0ms,2026-09-21,288,285,285,118,118,112,173,6,285,0.3929824561403509,0.9491525423728814,0.5558312655086849,0.4947916666666667
prior_print_60m_delay0ms,2026-09-22,288,287,287,141,141,136,151,5,284,0.4738675958188153,0.9645390070921985,0.6355140186915887,0.4982638888888889
prior_print_60m_delay0ms,2026-09-23,288,283,283,111,111,105,178,6,287,0.3710247349823322,0.9459459459459459,0.5329949238578681,0.4913194444444444
prior_print_60m_delay0ms,2026-09-24,288,286,286,98,98,95,191,3,287,0.3321678321678322,0.9693877551020408,0.4947916666666667,0.4965277777777778
prior_print_60m_delay0ms,2026-09-25,288,290,290,89,89,88,202,1,285,0.30344827586206896,0.9887640449438202,0.46437994722955145,0.5034722222222222
prior_print_60m_delay0ms,2026-09-26,288,283,283,59,59,57,226,2,291,0.20141342756183744,0.9661016949152542,0.3333333333333333,0.4913194444444444
prior_print_60m_delay0ms,2026-09-27,288,287,287,45,45,45,242,0,289,0.156794425087108,1.0,0.2710843373493976,0.4982638888888889
prior_print_60m_delay0ms,2026-09-28,288,279,277,42,42,36,241,6,293,0.1299638989169675,0.8571428571428571,0.22570532915360503,0.4809027777777778
prior_print_60m_delay0ms,2026-09-29,288,295,295,55,55,54,241,1,280,0.18305084745762712,0.9818181818181818,0.30857142857142855,0.5121527777777778
prior_print_60m_delay0ms,2026-09-30,288,284,284,74,74,71,213,3,289,0.25,0.9594594594594594,0.39664804469273746,0.4930555555555556
prior_print_60m_delay0ms,2026-10-01,155,154,154,35,35,34,120,1,155,0.22077922077922077,0.9714285714285714,0.35978835978835977,0.4967741935483871
prior_print_60m_delay1000ms,2026-09-10,288,287,287,227,227,227,60,0,289,0.7909407665505227,1.0,0.8832684824902723,0.4982638888888889
prior_print_60m_delay1000ms,2026-09-11,287,286,286,170,170,170,116,0,288,0.5944055944055944,1.0,0.7456140350877193,0.49825783972125437
prior_print_60m_delay1000ms,2026-09-12,288,293,293,97,97,97,196,0,283,0.3310580204778157,1.0,0.49743589743589745,0.5086805555555556
prior_print_60m_delay1000ms,2026-09-13,288,292,292,94,94,94,198,0,284,0.3219178082191781,1.0,0.48704663212435234,0.5069444444444444
prior_print_60m_delay1000ms,2026-09-14,288,292,292,156,156,156,136,0,284,0.5342465753424658,1.0,0.6964285714285714,0.5069444444444444
prior_print_60m_delay1000ms,2026-09-15,288,290,290,133,133,133,157,0,286,0.4586206896551724,1.0,0.6288416075650118,0.5034722222222222
prior_print_60m_delay1000ms,2026-09-16,288,291,291,121,121,121,170,0,285,0.41580756013745707,1.0,0.587378640776699,0.5052083333333334
prior_print_60m_delay1000ms,2026-09-17,288,291,291,132,132,131,160,1,284,0.45017182130584193,0.9924242424242424,0.6193853427895981,0.5052083333333334
prior_print_60m_delay1000ms,2026-09-18,288,283,283,92,92,86,197,6,287,0.303886925795053,0.9347826086956522,0.45866666666666667,0.4913194444444444
prior_print_60m_delay1000ms,2026-09-19,274,256,255,89,89,84,171,5,288,0.32941176470588235,0.9438202247191011,0.4883720930232558,0.4653284671532847
prior_print_60m_delay1000ms,2026-09-20,288,287,287,121,121,118,169,3,286,0.41114982578397213,0.9752066115702479,0.5784313725490197,0.4982638888888889
prior_print_60m_delay1000ms,2026-09-21,288,285,285,118,118,112,173,6,285,0.3929824561403509,0.9491525423728814,0.5558312655086849,0.4947916666666667
prior_print_60m_delay1000ms,2026-09-22,288,287,287,141,141,136,151,5,284,0.4738675958188153,0.9645390070921985,0.6355140186915887,0.4982638888888889
prior_print_60m_delay1000ms,2026-09-23,288,283,283,111,111,105,178,6,287,0.3710247349823322,0.9459459459459459,0.5329949238578681,0.4913194444444444
prior_print_60m_delay1000ms,2026-09-24,288,286,286,98,98,95,191,3,287,0.3321678321678322,0.9693877551020408,0.4947916666666667,0.4965277777777778
prior_print_60m_delay1000ms,2026-09-25,288,290,290,89,89,88,202,1,285,0.30344827586206896,0.9887640449438202,0.46437994722955145,0.5034722222222222
prior_print_60m_delay1000ms,2026-09-26,288,283,283,59,59,57,226,2,291,0.20141342756183744,0.9661016949152542,0.3333333333333333,0.4913194444444444
prior_print_60m_delay1000ms,2026-09-27,288,287,287,45,45,45,242,0,289,0.156794425087108,1.0,0.2710843373493976,0.4982638888888889
prior_print_60m_delay1000ms,2026-09-28,288,279,277,42,42,36,241,6,293,0.1299638989169675,0.8571428571428571,0.22570532915360503,0.4809027777777778
prior_print_60m_delay1000ms,2026-09-29,288,295,295,55,55,54,241,1,280,0.18305084745762712,0.9818181818181818,0.30857142857142855,0.5121527777777778
prior_print_60m_delay1000ms,2026-09-30,288,284,284,74,74,71,213,3,289,0.25,0.9594594594594594,0.39664804469273746,0.4930555555555556
prior_print_60m_delay1000ms,2026-10-01,155,154,154,35,35,34,120,1,155,0.22077922077922077,0.9714285714285714,0.35978835978835977,0.4967741935483871
prior_print_60m_delay5000ms,2026-09-10,288,287,287,227,227,227,60,0,289,0.7909407665505227,1.0,0.8832684824902723,0.4982638888888889
prior_print_60m_delay5000ms,2026-09-11,287,286,286,170,170,170,116,0,288,0.5944055944055944,1.0,0.7456140350877193,0.49825783972125437
prior_print_60m_delay5000ms,2026-09-12,288,293,293,97,97,97,196,0,283,0.3310580204778157,1.0,0.49743589743589745,0.5086805555555556
prior_print_60m_delay5000ms,2026-09-13,288,292,292,94,94,94,198,0,284,0.3219178082191781,1.0,0.48704663212435234,0.5069444444444444
prior_print_60m_delay5000ms,2026-09-14,288,292,292,156,156,156,136,0,284,0.5342465753424658,1.0,0.6964285714285714,0.5069444444444444
prior_print_60m_delay5000ms,2026-09-15,288,290,290,133,133,133,157,0,286,0.4586206896551724,1.0,0.6288416075650118,0.5034722222222222
prior_print_60m_delay5000ms,2026-09-16,288,291,291,121,121,121,170,0,285,0.41580756013745707,1.0,0.587378640776699,0.5052083333333334
prior_print_60m_delay5000ms,2026-09-17,288,291,291,132,132,131,160,1,284,0.45017182130584193,0.9924242424242424,0.6193853427895981,0.5052083333333334
prior_print_60m_delay5000ms,2026-09-18,288,283,283,92,92,86,197,6,287,0.303886925795053,0.9347826086956522,0.45866666666666667,0.4913194444444444
prior_print_60m_delay5000ms,2026-09-19,274,256,255,89,89,84,171,5,288,0.32941176470588235,0.9438202247191011,0.4883720930232558,0.4653284671532847
prior_print_60m_delay5000ms,2026-09-20,288,287,287,121,121,118,169,3,286,0.41114982578397213,0.9752066115702479,0.5784313725490197,0.4982638888888889
prior_print_60m_delay5000ms,2026-09-21,288,285,285,118,118,112,173,6,285,0.3929824561403509,0.9491525423728814,0.5558312655086849,0.4947916666666667
prior_print_60m_delay5000ms,2026-09-22,288,287,287,141,141,136,151,5,284,0.4738675958188153,0.9645390070921985,0.6355140186915887,0.4982638888888889
prior_print_60m_delay5000ms,2026-09-23,288,283,283,111,111,105,178,6,287,0.3710247349823322,0.9459459459459459,0.5329949238578681,0.4913194444444444
prior_print_60m_delay5000ms,2026-09-24,288,286,286,98,98,95,191,3,287,0.3321678321678322,0.9693877551020408,0.4947916666666667,0.4965277777777778
prior_print_60m_delay5000ms,2026-09-25,288,290,290,89,89,88,202,1,285,0.30344827586206896,0.9887640449438202,0.46437994722955145,0.5034722222222222
prior_print_60m_delay5000ms,2026-09-26,288,283,283,59,59,57,226,2,291,0.20141342756183744,0.9661016949152542,0.3333333333333333,0.4913194444444444
prior_print_60m_delay5000ms,2026-09-27,288,287,287,45,45,45,242,0,289,0.156794425087108,1.0,0.2710843373493976,0.4982638888888889
prior_print_60m_delay5000ms,2026-09-28,288,279,277,42,42,36,241,6,293,0.1299638989169675,0.8571428571428571,0.22570532915360503,0.4809027777777778
prior_print_60m_delay5000ms,2026-09-29,288,295,295,55,55,54,241,1,280,0.18305084745762712,0.9818181818181818,0.30857142857142855,0.5121527777777778
prior_print_60m_delay5000ms,2026-09-30,288,284,284,74,74,71,213,3,289,0.25,0.9594594594594594,0.39664804469273746,0.4930555555555556
prior_print_60m_delay5000ms,2026-10-01,155,154,154,35,35,34,120,1,155,0.22077922077922077,0.9714285714285714,0.35978835978835977,0.4967741935483871
prior_print_240m_delay0ms,2026-09-10,288,287,287,227,227,227,60,0,289,0.7909407665505227,1.0,0.8832684824902723,0.4982638888888889
prior_print_240m_delay0ms,2026-09-11,287,286,286,170,170,170,116,0,288,0.5944055944055944,1.0,0.7456140350877193,0.49825783972125437
prior_print_240m_delay0ms,2026-09-12,288,293,293,97,97,97,196,0,283,0.3310580204778157,1.0,0.49743589743589745,0.5086805555555556
prior_print_240m_delay0ms,2026-09-13,288,292,292,94,94,94,198,0,284,0.3219178082191781,1.0,0.48704663212435234,0.5069444444444444
prior_print_240m_delay0ms,2026-09-14,288,292,292,156,156,156,136,0,284,0.5342465753424658,1.0,0.6964285714285714,0.5069444444444444
prior_print_240m_delay0ms,2026-09-15,288,290,290,133,133,133,157,0,286,0.4586206896551724,1.0,0.6288416075650118,0.5034722222222222
prior_print_240m_delay0ms,2026-09-16,288,291,291,121,121,121,170,0,285,0.41580756013745707,1.0,0.587378640776699,0.5052083333333334
prior_print_240m_delay0ms,2026-09-17,288,291,291,132,132,131,160,1,284,0.45017182130584193,0.9924242424242424,0.6193853427895981,0.5052083333333334
prior_print_240m_delay0ms,2026-09-18,288,283,283,92,92,86,197,6,287,0.303886925795053,0.9347826086956522,0.45866666666666667,0.4913194444444444
prior_print_240m_delay0ms,2026-09-19,274,256,256,89,89,85,171,4,288,0.33203125,0.9550561797752809,0.4927536231884058,0.46715328467153283
prior_print_240m_delay0ms,2026-09-20,288,287,287,121,121,118,169,3,286,0.41114982578397213,0.9752066115702479,0.5784313725490197,0.4982638888888889
prior_print_240m_delay0ms,2026-09-21,288,285,285,118,118,112,173,6,285,0.3929824561403509,0.9491525423728814,0.5558312655086849,0.4947916666666667
prior_print_240m_delay0ms,2026-09-22,288,287,287,141,141,136,151,5,284,0.4738675958188153,0.9645390070921985,0.6355140186915887,0.4982638888888889
prior_print_240m_delay0ms,2026-09-23,288,283,283,111,111,105,178,6,287,0.3710247349823322,0.9459459459459459,0.5329949238578681,0.4913194444444444
prior_print_240m_delay0ms,2026-09-24,288,286,286,98,98,95,191,3,287,0.3321678321678322,0.9693877551020408,0.4947916666666667,0.4965277777777778
prior_print_240m_delay0ms,2026-09-25,288,290,290,89,89,88,202,1,285,0.30344827586206896,0.9887640449438202,0.46437994722955145,0.5034722222222222
prior_print_240m_delay0ms,2026-09-26,288,283,283,59,59,57,226,2,291,0.20141342756183744,0.9661016949152542,0.3333333333333333,0.4913194444444444
prior_print_240m_delay0ms,2026-09-27,288,287,287,45,45,45,242,0,289,0.156794425087108,1.0,0.2710843373493976,0.4982638888888889
prior_print_240m_delay0ms,2026-09-28,288,279,279,42,42,36,243,6,291,0.12903225806451613,0.8571428571428571,0.22429906542056074,0.484375
prior_print_240m_delay0ms,2026-09-29,288,295,295,55,55,54,241,1,280,0.18305084745762712,0.9818181818181818,0.30857142857142855,0.5121527777777778
prior_print_240m_delay0ms,2026-09-30,288,284,284,74,74,71,213,3,289,0.25,0.9594594594594594,0.39664804469273746,0.4930555555555556
prior_print_240m_delay0ms,2026-10-01,155,154,154,35,35,34,120,1,155,0.22077922077922077,0.9714285714285714,0.35978835978835977,0.4967741935483871
prior_print_240m_delay1000ms,2026-09-10,288,287,287,227,227,227,60,0,289,0.7909407665505227,1.0,0.8832684824902723,0.4982638888888889
prior_print_240m_delay1000ms,2026-09-11,287,286,286,170,170,170,116,0,288,0.5944055944055944,1.0,0.7456140350877193,0.49825783972125437
prior_print_240m_delay1000ms,2026-09-12,288,293,293,97,97,97,196,0,283,0.3310580204778157,1.0,0.49743589743589745,0.5086805555555556
prior_print_240m_delay1000ms,2026-09-13,288,292,292,94,94,94,198,0,284,0.3219178082191781,1.0,0.48704663212435234,0.5069444444444444
prior_print_240m_delay1000ms,2026-09-14,288,292,292,156,156,156,136,0,284,0.5342465753424658,1.0,0.6964285714285714,0.5069444444444444
prior_print_240m_delay1000ms,2026-09-15,288,290,290,133,133,133,157,0,286,0.4586206896551724,1.0,0.6288416075650118,0.5034722222222222
prior_print_240m_delay1000ms,2026-09-16,288,291,291,121,121,121,170,0,285,0.41580756013745707,1.0,0.587378640776699,0.5052083333333334
prior_print_240m_delay1000ms,2026-09-17,288,291,291,132,132,131,160,1,284,0.45017182130584193,0.9924242424242424,0.6193853427895981,0.5052083333333334
prior_print_240m_delay1000ms,2026-09-18,288,283,283,92,92,86,197,6,287,0.303886925795053,0.9347826086956522,0.45866666666666667,0.4913194444444444
prior_print_240m_delay1000ms,2026-09-19,274,256,256,89,89,85,171,4,288,0.33203125,0.9550561797752809,0.4927536231884058,0.46715328467153283
prior_print_240m_delay1000ms,2026-09-20,288,287,287,121,121,118,169,3,286,0.41114982578397213,0.9752066115702479,0.5784313725490197,0.4982638888888889
prior_print_240m_delay1000ms,2026-09-21,288,285,285,118,118,112,173,6,285,0.3929824561403509,0.9491525423728814,0.5558312655086849,0.4947916666666667
prior_print_240m_delay1000ms,2026-09-22,288,287,287,141,141,136,151,5,284,0.4738675958188153,0.9645390070921985,0.6355140186915887,0.4982638888888889
prior_print_240m_delay1000ms,2026-09-23,288,283,283,111,111,105,178,6,287,0.3710247349823322,0.9459459459459459,0.5329949238578681,0.4913194444444444
prior_print_240m_delay1000ms,2026-09-24,288,286,286,98,98,95,191,3,287,0.3321678321678322,0.9693877551020408,0.4947916666666667,0.4965277777777778
prior_print_240m_delay1000ms,2026-09-25,288,290,290,89,89,88,202,1,285,0.30344827586206896,0.9887640449438202,0.46437994722955145,0.5034722222222222
prior_print_240m_delay1000ms,2026-09-26,288,283,283,59,59,57,226,2,291,0.20141342756183744,0.9661016949152542,0.3333333333333333,0.4913194444444444
prior_print_240m_delay1000ms,2026-09-27,288,287,287,45,45,45,242,0,289,0.156794425087108,1.0,0.2710843373493976,0.4982638888888889
prior_print_240m_delay1000ms,2026-09-28,288,279,279,42,42,36,243,6,291,0.12903225806451613,0.8571428571428571,0.22429906542056074,0.484375
prior_print_240m_delay1000ms,2026-09-29,288,295,295,55,55,54,241,1,280,0.18305084745762712,0.9818181818181818,0.30857142857142855,0.5121527777777778
prior_print_240m_delay1000ms,2026-09-30,288,284,284,74,74,71,213,3,289,0.25,0.9594594594594594,0.39664804469273746,0.4930555555555556
prior_print_240m_delay1000ms,2026-10-01,155,154,154,35,35,34,120,1,155,0.22077922077922077,0.9714285714285714,0.35978835978835977,0.4967741935483871
prior_print_240m_delay5000ms,2026-09-10,288,287,287,227,227,227,60,0,289,0.7909407665505227,1.0,0.8832684824902723,0.4982638888888889
prior_print_240m_delay5000ms,2026-09-11,287,286,286,170,170,170,116,0,288,0.5944055944055944,1.0,0.7456140350877193,0.49825783972125437
prior_print_240m_delay5000ms,2026-09-12,288,293,293,97,97,97,196,0,283,0.3310580204778157,1.0,0.49743589743589745,0.5086805555555556
prior_print_240m_delay5000ms,2026-09-13,288,292,292,94,94,94,198,0,284,0.3219178082191781,1.0,0.48704663212435234,0.5069444444444444
prior_print_240m_delay5000ms,2026-09-14,288,292,292,156,156,156,136,0,284,0.5342465753424658,1.0,0.6964285714285714,0.5069444444444444
prior_print_240m_delay5000ms,2026-09-15,288,290,290,133,133,133,157,0,286,0.4586206896551724,1.0,0.6288416075650118,0.5034722222222222
prior_print_240m_delay5000ms,2026-09-16,288,291,291,121,121,121,170,0,285,0.41580756013745707,1.0,0.587378640776699,0.5052083333333334
prior_print_240m_delay5000ms,2026-09-17,288,291,291,132,132,131,160,1,284,0.45017182130584193,0.9924242424242424,0.6193853427895981,0.5052083333333334
prior_print_240m_delay5000ms,2026-09-18,288,283,283,92,92,86,197,6,287,0.303886925795053,0.9347826086956522,0.45866666666666667,0.4913194444444444
prior_print_240m_delay5000ms,2026-09-19,274,256,256,89,89,85,171,4,288,0.33203125,0.9550561797752809,0.4927536231884058,0.46715328467153283
prior_print_240m_delay5000ms,2026-09-20,288,287,287,121,121,118,169,3,286,0.41114982578397213,0.9752066115702479,0.5784313725490197,0.4982638888888889
prior_print_240m_delay5000ms,2026-09-21,288,285,285,118,118,112,173,6,285,0.3929824561403509,0.9491525423728814,0.5558312655086849,0.4947916666666667
prior_print_240m_delay5000ms,2026-09-22,288,287,287,141,141,136,151,5,284,0.4738675958188153,0.9645390070921985,0.6355140186915887,0.4982638888888889
prior_print_240m_delay5000ms,2026-09-23,288,283,283,111,111,105,178,6,287,0.3710247349823322,0.9459459459459459,0.5329949238578681,0.4913194444444444
prior_print_240m_delay5000ms,2026-09-24,288,286,286,98,98,95,191,3,287,0.3321678321678322,0.9693877551020408,0.4947916666666667,0.4965277777777778
prior_print_240m_delay5000ms,2026-09-25,288,290,290,89,89,88,202,1,285,0.30344827586206896,0.9887640449438202,0.46437994722955145,0.5034722222222222
prior_print_240m_delay5000ms,2026-09-26,288,283,283,59,59,57,226,2,291,0.20141342756183744,0.9661016949152542,0.3333333333333333,0.4913194444444444
prior_print_240m_delay5000ms,2026-09-27,288,287,287,45,45,45,242,0,289,0.156794425087108,1.0,0.2710843373493976,0.4982638888888889
prior_print_240m_delay5000ms,2026-09-28,288,279,279,42,42,36,243,6,291,0.12903225806451613,0.8571428571428571,0.22429906542056074,0.484375
prior_print_240m_delay5000ms,2026-09-29,288,295,295,55,55,54,241,1,280,0.18305084745762712,0.9818181818181818,0.30857142857142855,0.5121527777777778
prior_print_240m_delay5000ms,2026-09-30,288,284,284,74,74,71,213,3,289,0.25,0.9594594594594594,0.39664804469273746,0.4930555555555556
prior_print_240m_delay5000ms,2026-10-01,155,154,154,35,35,34,120,1,155,0.22077922077922077,0.9714285714285714,0.35978835978835977,0.4967741935483871
prior_print_1440m_delay0ms,2026-09-10,288,287,287,227,227,227,60,0,289,0.7909407665505227,1.0,0.8832684824902723,0.4982638888888889
prior_print_1440m_delay0ms,2026-09-11,287,286,286,170,170,170,116,0,288,0.5944055944055944,1.0,0.7456140350877193,0.49825783972125437
prior_print_1440m_delay0ms,2026-09-12,288,293,293,97,97,97,196,0,283,0.3310580204778157,1.0,0.49743589743589745,0.5086805555555556
prior_print_1440m_delay0ms,2026-09-13,288,292,292,94,94,94,198,0,284,0.3219178082191781,1.0,0.48704663212435234,0.5069444444444444
prior_print_1440m_delay0ms,2026-09-14,288,292,292,156,156,156,136,0,284,0.5342465753424658,1.0,0.6964285714285714,0.5069444444444444
prior_print_1440m_delay0ms,2026-09-15,288,290,290,133,133,133,157,0,286,0.4586206896551724,1.0,0.6288416075650118,0.5034722222222222
prior_print_1440m_delay0ms,2026-09-16,288,291,291,121,121,121,170,0,285,0.41580756013745707,1.0,0.587378640776699,0.5052083333333334
prior_print_1440m_delay0ms,2026-09-17,288,291,291,132,132,131,160,1,284,0.45017182130584193,0.9924242424242424,0.6193853427895981,0.5052083333333334
prior_print_1440m_delay0ms,2026-09-18,288,283,283,92,92,86,197,6,287,0.303886925795053,0.9347826086956522,0.45866666666666667,0.4913194444444444
prior_print_1440m_delay0ms,2026-09-19,274,256,256,89,89,85,171,4,288,0.33203125,0.9550561797752809,0.4927536231884058,0.46715328467153283
prior_print_1440m_delay0ms,2026-09-20,288,287,287,121,121,118,169,3,286,0.41114982578397213,0.9752066115702479,0.5784313725490197,0.4982638888888889
prior_print_1440m_delay0ms,2026-09-21,288,285,285,118,118,112,173,6,285,0.3929824561403509,0.9491525423728814,0.5558312655086849,0.4947916666666667
prior_print_1440m_delay0ms,2026-09-22,288,287,287,141,141,136,151,5,284,0.4738675958188153,0.9645390070921985,0.6355140186915887,0.4982638888888889
prior_print_1440m_delay0ms,2026-09-23,288,283,283,111,111,105,178,6,287,0.3710247349823322,0.9459459459459459,0.5329949238578681,0.4913194444444444
prior_print_1440m_delay0ms,2026-09-24,288,286,286,98,98,95,191,3,287,0.3321678321678322,0.9693877551020408,0.4947916666666667,0.4965277777777778
prior_print_1440m_delay0ms,2026-09-25,288,290,290,89,89,88,202,1,285,0.30344827586206896,0.9887640449438202,0.46437994722955145,0.5034722222222222
prior_print_1440m_delay0ms,2026-09-26,288,283,283,59,59,57,226,2,291,0.20141342756183744,0.9661016949152542,0.3333333333333333,0.4913194444444444
prior_print_1440m_delay0ms,2026-09-27,288,287,287,45,45,45,242,0,289,0.156794425087108,1.0,0.2710843373493976,0.4982638888888889
prior_print_1440m_delay0ms,2026-09-28,288,279,279,42,42,36,243,6,291,0.12903225806451613,0.8571428571428571,0.22429906542056074,0.484375
prior_print_1440m_delay0ms,2026-09-29,288,295,295,55,55,54,241,1,280,0.18305084745762712,0.9818181818181818,0.30857142857142855,0.5121527777777778
prior_print_1440m_delay0ms,2026-09-30,288,284,284,74,74,71,213,3,289,0.25,0.9594594594594594,0.39664804469273746,0.4930555555555556
prior_print_1440m_delay0ms,2026-10-01,155,154,154,35,35,34,120,1,155,0.22077922077922077,0.9714285714285714,0.35978835978835977,0.4967741935483871
prior_print_1440m_delay1000ms,2026-09-10,288,287,287,227,227,227,60,0,289,0.7909407665505227,1.0,0.8832684824902723,0.4982638888888889
prior_print_1440m_delay1000ms,2026-09-11,287,286,286,170,170,170,116,0,288,0.5944055944055944,1.0,0.7456140350877193,0.49825783972125437
prior_print_1440m_delay1000ms,2026-09-12,288,293,293,97,97,97,196,0,283,0.3310580204778157,1.0,0.49743589743589745,0.5086805555555556
prior_print_1440m_delay1000ms,2026-09-13,288,292,292,94,94,94,198,0,284,0.3219178082191781,1.0,0.48704663212435234,0.5069444444444444
prior_print_1440m_delay1000ms,2026-09-14,288,292,292,156,156,156,136,0,284,0.5342465753424658,1.0,0.6964285714285714,0.5069444444444444
prior_print_1440m_delay1000ms,2026-09-15,288,290,290,133,133,133,157,0,286,0.4586206896551724,1.0,0.6288416075650118,0.5034722222222222
prior_print_1440m_delay1000ms,2026-09-16,288,291,291,121,121,121,170,0,285,0.41580756013745707,1.0,0.587378640776699,0.5052083333333334
prior_print_1440m_delay1000ms,2026-09-17,288,291,291,132,132,131,160,1,284,0.45017182130584193,0.9924242424242424,0.6193853427895981,0.5052083333333334
prior_print_1440m_delay1000ms,2026-09-18,288,283,283,92,92,86,197,6,287,0.303886925795053,0.9347826086956522,0.45866666666666667,0.4913194444444444
prior_print_1440m_delay1000ms,2026-09-19,274,256,256,89,89,85,171,4,288,0.33203125,0.9550561797752809,0.4927536231884058,0.46715328467153283
prior_print_1440m_delay1000ms,2026-09-20,288,287,287,121,121,118,169,3,286,0.41114982578397213,0.9752066115702479,0.5784313725490197,0.4982638888888889
prior_print_1440m_delay1000ms,2026-09-21,288,285,285,118,118,112,173,6,285,0.3929824561403509,0.9491525423728814,0.5558312655086849,0.4947916666666667
prior_print_1440m_delay1000ms,2026-09-22,288,287,287,141,141,136,151,5,284,0.4738675958188153,0.9645390070921985,0.6355140186915887,0.4982638888888889
prior_print_1440m_delay1000ms,2026-09-23,288,283,283,111,111,105,178,6,287,0.3710247349823322,0.9459459459459459,0.5329949238578681,0.4913194444444444
prior_print_1440m_delay1000ms,2026-09-24,288,286,286,98,98,95,191,3,287,0.3321678321678322,0.9693877551020408,0.4947916666666667,0.4965277777777778
prior_print_1440m_delay1000ms,2026-09-25,288,290,290,89,89,88,202,1,285,0.30344827586206896,0.9887640449438202,0.46437994722955145,0.5034722222222222
prior_print_1440m_delay1000ms,2026-09-26,288,283,283,59,59,57,226,2,291,0.20141342756183744,0.9661016949152542,0.3333333333333333,0.4913194444444444
prior_print_1440m_delay1000ms,2026-09-27,288,287,287,45,45,45,242,0,289,0.156794425087108,1.0,0.2710843373493976,0.4982638888888889
prior_print_1440m_delay1000ms,2026-09-28,288,279,279,42,42,36,243,6,291,0.12903225806451613,0.8571428571428571,0.22429906542056074,0.484375
prior_print_1440m_delay1000ms,2026-09-29,288,295,295,55,55,54,241,1,280,0.18305084745762712,0.9818181818181818,0.30857142857142855,0.5121527777777778
prior_print_1440m_delay1000ms,2026-09-30,288,284,284,74,74,71,213,3,289,0.25,0.9594594594594594,0.39664804469273746,0.4930555555555556
prior_print_1440m_delay1000ms,2026-10-01,155,154,154,35,35,34,120,1,155,0.22077922077922077,0.9714285714285714,0.35978835978835977,0.4967741935483871
prior_print_1440m_delay5000ms,2026-09-10,288,287,287,227,227,227,60,0,289,0.7909407665505227,1.0,0.8832684824902723,0.4982638888888889
prior_print_1440m_delay5000ms,2026-09-11,287,286,286,170,170,170,116,0,288,0.5944055944055944,1.0,0.7456140350877193,0.49825783972125437
prior_print_1440m_delay5000ms,2026-09-12,288,293,293,97,97,97,196,0,283,0.3310580204778157,1.0,0.49743589743589745,0.5086805555555556
prior_print_1440m_delay5000ms,2026-09-13,288,292,292,94,94,94,198,0,284,0.3219178082191781,1.0,0.48704663212435234,0.5069444444444444
prior_print_1440m_delay5000ms,2026-09-14,288,292,292,156,156,156,136,0,284,0.5342465753424658,1.0,0.6964285714285714,0.5069444444444444
prior_print_1440m_delay5000ms,2026-09-15,288,290,290,133,133,133,157,0,286,0.4586206896551724,1.0,0.6288416075650118,0.5034722222222222
prior_print_1440m_delay5000ms,2026-09-16,288,291,291,121,121,121,170,0,285,0.41580756013745707,1.0,0.587378640776699,0.5052083333333334
prior_print_1440m_delay5000ms,2026-09-17,288,291,291,132,132,131,160,1,284,0.45017182130584193,0.9924242424242424,0.6193853427895981,0.5052083333333334
prior_print_1440m_delay5000ms,2026-09-18,288,283,283,92,92,86,197,6,287,0.303886925795053,0.9347826086956522,0.45866666666666667,0.4913194444444444
prior_print_1440m_delay5000ms,2026-09-19,274,256,256,89,89,85,171,4,288,0.33203125,0.9550561797752809,0.4927536231884058,0.46715328467153283
prior_print_1440m_delay5000ms,2026-09-20,288,287,287,121,121,118,169,3,286,0.41114982578397213,0.9752066115702479,0.5784313725490197,0.4982638888888889
prior_print_1440m_delay5000ms,2026-09-21,288,285,285,118,118,112,173,6,285,0.3929824561403509,0.9491525423728814,0.5558312655086849,0.4947916666666667
prior_print_1440m_delay5000ms,2026-09-22,288,287,287,141,141,136,151,5,284,0.4738675958188153,0.9645390070921985,0.6355140186915887,0.4982638888888889
prior_print_1440m_delay5000ms,2026-09-23,288,283,283,111,111,105,178,6,287,0.3710247349823322,0.9459459459459459,0.5329949238578681,0.4913194444444444
prior_print_1440m_delay5000ms,2026-09-24,288,286,286,98,98,95,191,3,287,0.3321678321678322,0.9693877551020408,0.4947916666666667,0.4965277777777778
prior_print_1440m_delay5000ms,2026-09-25,288,290,290,89,89,88,202,1,285,0.30344827586206896,0.9887640449438202,0.46437994722955145,0.5034722222222222
prior_print_1440m_delay5000ms,2026-09-26,288,283,283,59,59,57,226,2,291,0.20141342756183744,0.9661016949152542,0.3333333333333333,0.4913194444444444
prior_print_1440m_delay5000ms,2026-09-27,288,287,287,45,45,45,242,0,289,0.156794425087108,1.0,0.2710843373493976,0.4982638888888889
prior_print_1440m_delay5000ms,2026-09-28,288,279,279,42,42,36,243,6,291,0.12903225806451613,0.8571428571428571,0.22429906542056074,0.484375
prior_print_1440m_delay5000ms,2026-09-29,288,295,295,55,55,54,241,1,280,0.18305084745762712,0.9818181818181818,0.30857142857142855,0.5121527777777778
prior_print_1440m_delay5000ms,2026-09-30,288,284,284,74,74,71,213,3,289,0.25,0.9594594594594594,0.39664804469273746,0.4930555555555556
prior_print_1440m_delay5000ms,2026-10-01,155,154,154,35,35,34,120,1,155,0.22077922077922077,0.9714285714285714,0.35978835978835977,0.4967741935483871
same_coin_prior_print_15m,2026-09-10,288,287,281,227,227,224,57,3,292,0.797153024911032,0.986784140969163,0.8818897637795275,0.4878472222222222
same_coin_prior_print_15m,2026-09-11,287,286,274,170,170,162,112,8,292,0.5912408759124088,0.9529411764705882,0.7297297297297297,0.47735191637630664
same_coin_prior_print_15m,2026-09-12,288,293,284,97,97,95,189,2,290,0.3345070422535211,0.979381443298969,0.49868766404199477,0.4930555555555556
same_coin_prior_print_15m,2026-09-13,288,292,279,94,94,92,187,2,295,0.32974910394265233,0.9787234042553191,0.4932975871313673,0.484375
same_coin_prior_print_15m,2026-09-14,288,292,282,156,156,150,132,6,288,0.5319148936170213,0.9615384615384616,0.684931506849315,0.4895833333333333
same_coin_prior_print_15m,2026-09-15,288,290,256,133,133,126,130,7,313,0.4921875,0.9473684210526315,0.6478149100257069,0.4444444444444444
same_coin_prior_print_15m,2026-09-16,288,291,244,121,121,115,129,6,326,0.4713114754098361,0.9504132231404959,0.6301369863013698,0.4236111111111111
same_coin_prior_print_15m,2026-09-17,288,291,263,132,132,125,138,7,306,0.4752851711026616,0.946969696969697,0.6329113924050633,0.4565972222222222
same_coin_prior_print_15m,2026-09-18,288,283,249,92,92,81,168,11,316,0.3253012048192771,0.8804347826086957,0.4750733137829912,0.4322916666666667
same_coin_prior_print_15m,2026-09-19,274,256,224,89,89,79,145,10,314,0.35267857142857145,0.8876404494382022,0.5047923322683706,0.40875912408759124
same_coin_prior_print_15m,2026-09-20,288,287,273,121,121,112,161,9,294,0.41025641025641024,0.9256198347107438,0.5685279187817259,0.4739583333333333
same_coin_prior_print_15m,2026-09-21,288,285,248,118,118,107,141,11,317,0.4314516129032258,0.9067796610169492,0.5846994535519126,0.4305555555555556
same_coin_prior_print_15m,2026-09-22,288,287,258,141,141,126,132,15,303,0.4883720930232558,0.8936170212765957,0.631578947368421,0.4479166666666667
same_coin_prior_print_15m,2026-09-23,288,283,241,111,111,103,138,8,327,0.42738589211618255,0.9279279279279279,0.5852272727272727,0.4184027777777778
same_coin_prior_print_15m,2026-09-24,288,286,225,98,98,91,134,7,344,0.40444444444444444,0.9285714285714286,0.5634674922600619,0.390625
same_coin_prior_print_15m,2026-09-25,288,290,218,89,89,75,143,14,344,0.3440366972477064,0.8426966292134831,0.48859934853420195,0.3784722222222222
same_coin_prior_print_15m,2026-09-26,288,283,238,59,59,50,188,9,329,0.21008403361344538,0.847457627118644,0.3367003367003367,0.4131944444444444
same_coin_prior_print_15m,2026-09-27,288,287,212,45,45,36,176,9,355,0.16981132075471697,0.8,0.2801556420233463,0.3680555555555556
same_coin_prior_print_15m,2026-09-28,288,279,155,42,42,24,131,18,403,0.15483870967741936,0.5714285714285714,0.2436548223350254,0.2690972222222222
same_coin_prior_print_15m,2026-09-29,288,295,196,55,55,40,156,15,365,0.20408163265306123,0.7272727272727273,0.3187250996015936,0.3402777777777778
same_coin_prior_print_15m,2026-09-30,288,284,209,74,74,61,148,13,354,0.291866028708134,0.8243243243243243,0.43109540636042404,0.3628472222222222
same_coin_prior_print_15m,2026-10-01,155,154,126,35,35,31,95,4,180,0.24603174603174602,0.8857142857142857,0.38509316770186336,0.4064516129032258
same_coin_prior_print_60m,2026-09-10,288,287,286,227,227,226,60,1,289,0.7902097902097902,0.9955947136563876,0.8810916179337231,0.4965277777777778
same_coin_prior_print_60m,2026-09-11,287,286,286,170,170,170,116,0,288,0.5944055944055944,1.0,0.7456140350877193,0.49825783972125437
same_coin_prior_print_60m,2026-09-12,288,293,293,97,97,97,196,0,283,0.3310580204778157,1.0,0.49743589743589745,0.5086805555555556
same_coin_prior_print_60m,2026-09-13,288,292,292,94,94,94,198,0,284,0.3219178082191781,1.0,0.48704663212435234,0.5069444444444444
same_coin_prior_print_60m,2026-09-14,288,292,292,156,156,156,136,0,284,0.5342465753424658,1.0,0.6964285714285714,0.5069444444444444
same_coin_prior_print_60m,2026-09-15,288,290,290,133,133,133,157,0,286,0.4586206896551724,1.0,0.6288416075650118,0.5034722222222222
same_coin_prior_print_60m,2026-09-16,288,291,291,121,121,121,170,0,285,0.41580756013745707,1.0,0.587378640776699,0.5052083333333334
same_coin_prior_print_60m,2026-09-17,288,291,291,132,132,131,160,1,284,0.45017182130584193,0.9924242424242424,0.6193853427895981,0.5052083333333334
same_coin_prior_print_60m,2026-09-18,288,283,283,92,92,86,197,6,287,0.303886925795053,0.9347826086956522,0.45866666666666667,0.4913194444444444
same_coin_prior_print_60m,2026-09-19,274,256,254,89,89,83,171,6,288,0.32677165354330706,0.9325842696629213,0.4839650145772595,0.4635036496350365
same_coin_prior_print_60m,2026-09-20,288,287,287,121,121,118,169,3,286,0.41114982578397213,0.9752066115702479,0.5784313725490197,0.4982638888888889
same_coin_prior_print_60m,2026-09-21,288,285,285,118,118,112,173,6,285,0.3929824561403509,0.9491525423728814,0.5558312655086849,0.4947916666666667
same_coin_prior_print_60m,2026-09-22,288,287,287,141,141,136,151,5,284,0.4738675958188153,0.9645390070921985,0.6355140186915887,0.4982638888888889
same_coin_prior_print_60m,2026-09-23,288,283,278,111,111,105,173,6,292,0.3776978417266187,0.9459459459459459,0.5398457583547558,0.4826388888888889
same_coin_prior_print_60m,2026-09-24,288,286,273,98,98,95,178,3,300,0.34798534798534797,0.9693877551020408,0.5121293800539084,0.4739583333333333
same_coin_prior_print_60m,2026-09-25,288,290,290,89,89,88,202,1,285,0.30344827586206896,0.9887640449438202,0.46437994722955145,0.5034722222222222
same_coin_prior_print_60m,2026-09-26,288,283,283,59,59,57,226,2,291,0.20141342756183744,0.9661016949152542,0.3333333333333333,0.4913194444444444
same_coin_prior_print_60m,2026-09-27,288,287,287,45,45,45,242,0,289,0.156794425087108,1.0,0.2710843373493976,0.4982638888888889
same_coin_prior_print_60m,2026-09-28,288,279,265,42,42,36,229,6,305,0.13584905660377358,0.8571428571428571,0.23452768729641693,0.4600694444444444
same_coin_prior_print_60m,2026-09-29,288,295,295,55,55,54,241,1,280,0.18305084745762712,0.9818181818181818,0.30857142857142855,0.5121527777777778
same_coin_prior_print_60m,2026-09-30,288,284,282,74,74,70,212,4,290,0.24822695035460993,0.9459459459459459,0.39325842696629215,0.4895833333333333
same_coin_prior_print_60m,2026-10-01,155,154,154,35,35,34,120,1,155,0.22077922077922077,0.9714285714285714,0.35978835978835977,0.4967741935483871
same_market_prior_print_15m,2026-09-10,288,287,277,227,227,222,55,5,294,0.8014440433212996,0.9779735682819384,0.8809523809523809,0.4809027777777778
same_market_prior_print_15m,2026-09-11,287,286,267,170,170,157,110,13,294,0.5880149812734082,0.9235294117647059,0.7185354691075515,0.4651567944250871
same_market_prior_print_15m,2026-09-12,288,293,248,97,97,90,158,7,321,0.3629032258064516,0.9278350515463918,0.5217391304347826,0.4305555555555556
same_market_prior_print_15m,2026-09-13,288,292,232,94,94,80,152,14,330,0.3448275862068966,0.851063829787234,0.49079754601226994,0.4027777777777778
same_market_prior_print_15m,2026-09-14,288,292,266,156,156,142,124,14,296,0.5338345864661654,0.9102564102564102,0.6729857819905213,0.4618055555555556
same_market_prior_print_15m,2026-09-15,288,290,236,133,133,119,117,14,326,0.5042372881355932,0.8947368421052632,0.6449864498644986,0.4097222222222222
same_market_prior_print_15m,2026-09-16,288,291,222,121,121,104,118,17,337,0.46846846846846846,0.859504132231405,0.6064139941690962,0.3854166666666667
same_market_prior_print_15m,2026-09-17,288,291,244,132,132,119,125,13,319,0.48770491803278687,0.9015151515151515,0.6329787234042553,0.4236111111111111
same_market_prior_print_15m,2026-09-18,288,283,196,92,92,64,132,28,352,0.32653061224489793,0.6956521739130435,0.4444444444444444,0.3402777777777778
same_market_prior_print_15m,2026-09-19,274,256,179,89,89,71,108,18,351,0.39664804469273746,0.797752808988764,0.5298507462686567,0.3266423357664234
same_market_prior_print_15m,2026-09-20,288,287,245,121,121,104,141,17,314,0.42448979591836733,0.859504132231405,0.5683060109289617,0.4253472222222222
same_market_prior_print_15m,2026-09-21,288,285,240,118,118,104,136,14,322,0.43333333333333335,0.8813559322033898,0.5810055865921788,0.4166666666666667
same_market_prior_print_15m,2026-09-22,288,287,246,141,141,120,126,21,309,0.4878048780487805,0.851063829787234,0.6201550387596899,0.4270833333333333
same_market_prior_print_15m,2026-09-23,288,283,211,111,111,94,117,17,348,0.44549763033175355,0.8468468468468469,0.5838509316770186,0.3663194444444444
same_market_prior_print_15m,2026-09-24,288,286,209,98,98,88,121,10,357,0.42105263157894735,0.8979591836734694,0.5732899022801303,0.3628472222222222
same_market_prior_print_15m,2026-09-25,288,290,193,89,89,69,124,20,363,0.35751295336787564,0.7752808988764045,0.48936170212765956,0.3350694444444444
same_market_prior_print_15m,2026-09-26,288,283,173,59,59,40,133,19,384,0.23121387283236994,0.6779661016949152,0.3448275862068966,0.3003472222222222
same_market_prior_print_15m,2026-09-27,288,287,151,45,45,27,124,18,407,0.17880794701986755,0.6,0.2755102040816326,0.2621527777777778
same_market_prior_print_15m,2026-09-28,288,279,138,42,42,22,116,20,418,0.15942028985507245,0.5238095238095238,0.24444444444444444,0.23958333333333334
same_market_prior_print_15m,2026-09-29,288,295,170,55,55,36,134,19,387,0.21176470588235294,0.6545454545454545,0.32,0.2951388888888889
same_market_prior_print_15m,2026-09-30,288,284,188,74,74,54,134,20,368,0.2872340425531915,0.7297297297297297,0.4122137404580153,0.3263888888888889
same_market_prior_print_15m,2026-10-01,155,154,116,35,35,28,88,7,187,0.2413793103448276,0.8,0.3708609271523179,0.3741935483870968
same_market_prior_print_60m,2026-09-10,288,287,286,227,227,226,60,1,289,0.7902097902097902,0.9955947136563876,0.8810916179337231,0.4965277777777778
same_market_prior_print_60m,2026-09-11,287,286,286,170,170,170,116,0,288,0.5944055944055944,1.0,0.7456140350877193,0.49825783972125437
same_market_prior_print_60m,2026-09-12,288,293,293,97,97,97,196,0,283,0.3310580204778157,1.0,0.49743589743589745,0.5086805555555556
same_market_prior_print_60m,2026-09-13,288,292,292,94,94,94,198,0,284,0.3219178082191781,1.0,0.48704663212435234,0.5069444444444444
same_market_prior_print_60m,2026-09-14,288,292,292,156,156,156,136,0,284,0.5342465753424658,1.0,0.6964285714285714,0.5069444444444444
same_market_prior_print_60m,2026-09-15,288,290,290,133,133,133,157,0,286,0.4586206896551724,1.0,0.6288416075650118,0.5034722222222222
same_market_prior_print_60m,2026-09-16,288,291,282,121,121,120,162,1,293,0.425531914893617,0.9917355371900827,0.5955334987593052,0.4895833333333333
same_market_prior_print_60m,2026-09-17,288,291,291,132,132,131,160,1,284,0.45017182130584193,0.9924242424242424,0.6193853427895981,0.5052083333333334
same_market_prior_print_60m,2026-09-18,288,283,277,92,92,85,192,7,292,0.30685920577617326,0.9239130434782609,0.46070460704607047,0.4809027777777778
same_market_prior_print_60m,2026-09-19,274,256,248,89,89,81,167,8,292,0.32661290322580644,0.9101123595505618,0.4807121661721068,0.45255474452554745
same_market_prior_print_60m,2026-09-20,288,287,287,121,121,118,169,3,286,0.41114982578397213,0.9752066115702479,0.5784313725490197,0.4982638888888889
same_market_prior_print_60m,2026-09-21,288,285,285,118,118,112,173,6,285,0.3929824561403509,0.9491525423728814,0.5558312655086849,0.4947916666666667
same_market_prior_print_60m,2026-09-22,288,287,287,141,141,136,151,5,284,0.4738675958188153,0.9645390070921985,0.6355140186915887,0.4982638888888889
same_market_prior_print_60m,2026-09-23,288,283,278,111,111,105,173,6,292,0.3776978417266187,0.9459459459459459,0.5398457583547558,0.4826388888888889
same_market_prior_print_60m,2026-09-24,288,286,273,98,98,95,178,3,300,0.34798534798534797,0.9693877551020408,0.5121293800539084,0.4739583333333333
same_market_prior_print_60m,2026-09-25,288,290,284,89,89,87,197,2,290,0.30633802816901406,0.9775280898876404,0.46648793565683644,0.4930555555555556
same_market_prior_print_60m,2026-09-26,288,283,281,59,59,57,224,2,293,0.20284697508896798,0.9661016949152542,0.3352941176470588,0.4878472222222222
same_market_prior_print_60m,2026-09-27,288,287,285,45,45,45,240,0,291,0.15789473684210525,1.0,0.2727272727272727,0.4947916666666667
same_market_prior_print_60m,2026-09-28,288,279,260,42,42,35,225,7,309,0.1346153846153846,0.8333333333333334,0.23178807947019867,0.4513888888888889
same_market_prior_print_60m,2026-09-29,288,295,292,55,55,53,239,2,282,0.1815068493150685,0.9636363636363636,0.30547550432276654,0.5069444444444444
same_market_prior_print_60m,2026-09-30,288,284,282,74,74,70,212,4,290,0.24822695035460993,0.9459459459459459,0.39325842696629215,0.4895833333333333
same_market_prior_print_60m,2026-10-01,155,154,154,35,35,34,120,1,155,0.22077922077922077,0.9714285714285714,0.35978835978835977,0.4967741935483871
other_coin_prior_print_15m,2026-09-10,288,287,279,227,227,224,55,3,294,0.8028673835125448,0.986784140969163,0.8853754940711462,0.484375
other_coin_prior_print_15m,2026-09-11,287,286,272,170,170,165,107,5,297,0.6066176470588235,0.9705882352941176,0.746606334841629,0.4738675958188153
other_coin_prior_print_15m,2026-09-12,288,293,293,97,97,97,196,0,283,0.3310580204778157,1.0,0.49743589743589745,0.5086805555555556
other_coin_prior_print_15m,2026-09-13,288,292,286,94,94,93,193,1,289,0.32517482517482516,0.9893617021276596,0.48947368421052634,0.4965277777777778
other_coin_prior_print_15m,2026-09-14,288,292,285,156,156,155,130,1,290,0.543859649122807,0.9935897435897436,0.7029478458049887,0.4947916666666667
other_coin_prior_print_15m,2026-09-15,288,290,277,133,133,133,144,0,299,0.48014440433212996,1.0,0.6487804878048781,0.4809027777777778
other_coin_prior_print_15m,2026-09-16,288,291,280,121,121,119,161,2,294,0.425,0.9834710743801653,0.5935162094763092,0.4861111111111111
other_coin_prior_print_15m,2026-09-17,288,291,281,132,132,130,151,2,293,0.4626334519572954,0.9848484848484849,0.6295399515738499,0.4878472222222222
other_coin_prior_print_15m,2026-09-18,288,283,263,92,92,82,181,10,303,0.311787072243346,0.8913043478260869,0.4619718309859155,0.4565972222222222
other_coin_prior_print_15m,2026-09-19,274,256,230,89,89,76,154,13,305,0.33043478260869563,0.8539325842696629,0.47648902821316613,0.4197080291970803
other_coin_prior_print_15m,2026-09-20,288,287,250,121,121,109,141,12,314,0.436,0.9008264462809917,0.5876010781671159,0.4340277777777778
other_coin_prior_print_15m,2026-09-21,288,285,258,118,118,111,147,7,311,0.43023255813953487,0.940677966101695,0.5904255319148937,0.4479166666666667
other_coin_prior_print_15m,2026-09-22,288,287,240,141,141,122,118,19,317,0.5083333333333333,0.8652482269503546,0.6404199475065617,0.4166666666666667
other_coin_prior_print_15m,2026-09-23,288,283,229,111,111,96,133,15,332,0.4192139737991266,0.8648648648648649,0.5647058823529412,0.3975694444444444
other_coin_prior_print_15m,2026-09-24,288,286,218,98,98,78,140,20,338,0.3577981651376147,0.7959183673469388,0.4936708860759494,0.3784722222222222
other_coin_prior_print_15m,2026-09-25,288,290,197,89,89,71,126,18,361,0.3604060913705584,0.797752808988764,0.4965034965034965,0.3420138888888889
other_coin_prior_print_15m,2026-09-26,288,283,172,59,59,35,137,24,380,0.20348837209302326,0.5932203389830508,0.30303030303030304,0.2986111111111111
other_coin_prior_print_15m,2026-09-27,288,287,181,45,45,27,154,18,377,0.14917127071823205,0.6,0.23893805309734514,0.3142361111111111
other_coin_prior_print_15m,2026-09-28,288,279,155,42,42,27,128,15,406,0.17419354838709677,0.6428571428571429,0.27411167512690354,0.2690972222222222
other_coin_prior_print_15m,2026-09-29,288,295,187,55,55,35,152,20,369,0.18716577540106952,0.6363636363636364,0.2892561983471074,0.3246527777777778
other_coin_prior_print_15m,2026-09-30,288,284,203,74,74,60,143,14,359,0.2955665024630542,0.8108108108108109,0.4332129963898917,0.3524305555555556
other_coin_prior_print_15m,2026-10-01,155,154,108,35,35,31,77,4,198,0.28703703703703703,0.8857142857142857,0.43356643356643354,0.34838709677419355
other_coin_prior_print_60m,2026-09-10,288,287,287,227,227,227,60,0,289,0.7909407665505227,1.0,0.8832684824902723,0.4982638888888889
other_coin_prior_print_60m,2026-09-11,287,286,286,170,170,170,116,0,288,0.5944055944055944,1.0,0.7456140350877193,0.49825783972125437
other_coin_prior_print_60m,2026-09-12,288,293,293,97,97,97,196,0,283,0.3310580204778157,1.0,0.49743589743589745,0.5086805555555556
other_coin_prior_print_60m,2026-09-13,288,292,292,94,94,94,198,0,284,0.3219178082191781,1.0,0.48704663212435234,0.5069444444444444
other_coin_prior_print_60m,2026-09-14,288,292,292,156,156,156,136,0,284,0.5342465753424658,1.0,0.6964285714285714,0.5069444444444444
other_coin_prior_print_60m,2026-09-15,288,290,290,133,133,133,157,0,286,0.4586206896551724,1.0,0.6288416075650118,0.5034722222222222
other_coin_prior_print_60m,2026-09-16,288,291,291,121,121,121,170,0,285,0.41580756013745707,1.0,0.587378640776699,0.5052083333333334
other_coin_prior_print_60m,2026-09-17,288,291,291,132,132,131,160,1,284,0.45017182130584193,0.9924242424242424,0.6193853427895981,0.5052083333333334
other_coin_prior_print_60m,2026-09-18,288,283,283,92,92,86,197,6,287,0.303886925795053,0.9347826086956522,0.45866666666666667,0.4913194444444444
other_coin_prior_print_60m,2026-09-19,274,256,253,89,89,83,170,6,289,0.32806324110671936,0.9325842696629213,0.4853801169590643,0.46167883211678834
other_coin_prior_print_60m,2026-09-20,288,287,287,121,121,118,169,3,286,0.41114982578397213,0.9752066115702479,0.5784313725490197,0.4982638888888889
other_coin_prior_print_60m,2026-09-21,288,285,285,118,118,112,173,6,285,0.3929824561403509,0.9491525423728814,0.5558312655086849,0.4947916666666667
other_coin_prior_print_60m,2026-09-22,288,287,287,141,141,136,151,5,284,0.4738675958188153,0.9645390070921985,0.6355140186915887,0.4982638888888889
other_coin_prior_print_60m,2026-09-23,288,283,273,111,111,105,168,6,297,0.38461538461538464,0.9459459459459459,0.546875,0.4739583333333333
other_coin_prior_print_60m,2026-09-24,288,286,283,98,98,94,189,4,289,0.3321554770318021,0.9591836734693877,0.49343832020997375,0.4913194444444444
other_coin_prior_print_60m,2026-09-25,288,290,279,89,89,86,193,3,294,0.30824372759856633,0.9662921348314607,0.4673913043478261,0.484375
other_coin_prior_print_60m,2026-09-26,288,283,269,59,59,54,215,5,302,0.20074349442379183,0.9152542372881356,0.32926829268292684,0.4670138888888889
other_coin_prior_print_60m,2026-09-27,288,287,284,45,45,44,240,1,291,0.15492957746478872,0.9777777777777777,0.2674772036474164,0.4930555555555556
other_coin_prior_print_60m,2026-09-28,288,279,271,42,42,36,235,6,299,0.13284132841328414,0.8571428571428571,0.23003194888178913,0.4704861111111111
other_coin_prior_print_60m,2026-09-29,288,295,287,55,55,52,235,3,286,0.18118466898954705,0.9454545454545454,0.30409356725146197,0.4982638888888889
other_coin_prior_print_60m,2026-09-30,288,284,280,74,74,71,209,3,293,0.25357142857142856,0.9594594594594594,0.4011299435028249,0.4861111111111111
other_coin_prior_print_60m,2026-10-01,155,154,154,35,35,34,120,1,155,0.22077922077922077,0.9714285714285714,0.35978835978835977,0.4967741935483871
no_prior_print_5m,2026-09-10,288,287,23,227,227,16,7,211,342,0.6956521739130435,0.07048458149779736,0.128,0.03993055555555555
no_prior_print_5m,2026-09-11,287,286,41,170,170,21,20,149,384,0.5121951219512195,0.12352941176470589,0.1990521327014218,0.07142857142857142
no_prior_print_5m,2026-09-12,288,293,22,97,97,5,17,92,462,0.22727272727272727,0.05154639175257732,0.08403361344537816,0.03819444444444445
no_prior_print_5m,2026-09-13,288,292,33,94,94,5,28,89,454,0.15151515151515152,0.05319148936170213,0.07874015748031496,0.057291666666666664
no_prior_print_5m,2026-09-14,288,292,40,156,156,18,22,138,398,0.45,0.11538461538461539,0.1836734693877551,0.06944444444444445
no_prior_print_5m,2026-09-15,288,290,38,133,133,11,27,122,416,0.2894736842105263,0.08270676691729323,0.1286549707602339,0.06597222222222222
no_prior_print_5m,2026-09-16,288,291,63,121,121,14,49,107,406,0.2222222222222222,0.11570247933884298,0.15217391304347827,0.109375
no_prior_print_5m,2026-09-17,288,291,49,132,132,18,31,114,413,0.3673469387755102,0.13636363636363635,0.19889502762430938,0.08506944444444445
no_prior_print_5m,2026-09-18,288,283,64,92,92,15,49,77,435,0.234375,0.16304347826086957,0.19230769230769232,0.1111111111111111
no_prior_print_5m,2026-09-19,274,256,68,89,89,18,50,71,409,0.2647058823529412,0.20224719101123595,0.22929936305732485,0.12408759124087591
no_prior_print_5m,2026-09-20,288,287,66,121,121,19,47,102,408,0.2878787878787879,0.15702479338842976,0.20320855614973263,0.11458333333333333
no_prior_print_5m,2026-09-21,288,285,70,118,118,15,55,103,403,0.21428571428571427,0.1271186440677966,0.1595744680851064,0.12152777777777778
no_prior_print_5m,2026-09-22,288,287,84,141,141,30,54,111,381,0.35714285714285715,0.2127659574468085,0.26666666666666666,0.14583333333333334
no_prior_print_5m,2026-09-23,288,283,93,111,111,18,75,93,390,0.1935483870967742,0.16216216216216217,0.17647058823529413,0.16145833333333334
no_prior_print_5m,2026-09-24,288,286,112,98,98,17,95,81,383,0.15178571428571427,0.17346938775510204,0.1619047619047619,0.19444444444444445
no_prior_print_5m,2026-09-25,288,290,133,89,89,25,108,64,379,0.18796992481203006,0.2808988764044944,0.22522522522522523,0.2309027777777778
no_prior_print_5m,2026-09-26,288,283,127,59,59,21,106,38,411,0.16535433070866143,0.3559322033898305,0.22580645161290322,0.2204861111111111
no_prior_print_5m,2026-09-27,288,287,149,45,45,21,128,24,403,0.14093959731543623,0.4666666666666667,0.21649484536082475,0.2586805555555556
no_prior_print_5m,2026-09-28,288,279,173,42,42,14,159,28,375,0.08092485549132948,0.3333333333333333,0.13023255813953488,0.3003472222222222
no_prior_print_5m,2026-09-29,288,295,158,55,55,24,134,31,387,0.1518987341772152,0.43636363636363634,0.22535211267605634,0.2743055555555556
no_prior_print_5m,2026-09-30,288,284,133,74,74,20,113,54,389,0.15037593984962405,0.2702702702702703,0.1932367149758454,0.2309027777777778
no_prior_print_5m,2026-10-01,155,154,77,35,35,7,70,28,205,0.09090909090909091,0.2,0.125,0.24838709677419354
no_prior_print_15m,2026-09-10,288,287,2,227,227,1,1,226,348,0.5,0.004405286343612335,0.008733624454148471,0.003472222222222222
no_prior_print_15m,2026-09-11,287,286,1,170,170,0,1,170,403,0.0,0.0,0.0,0.0017421602787456446
no_prior_print_15m,2026-09-12,288,293,0,97,97,0,0,97,479,,0.0,0.0,0.0
no_prior_print_15m,2026-09-13,288,292,1,94,94,0,1,94,481,0.0,0.0,0.0,0.001736111111111111
no_prior_print_15m,2026-09-14,288,292,0,156,156,0,0,156,420,,0.0,0.0,0.0
no_prior_print_15m,2026-09-15,288,290,5,133,133,0,5,133,438,0.0,0.0,0.0,0.008680555555555556
no_prior_print_15m,2026-09-16,288,291,6,121,121,1,5,120,450,0.16666666666666666,0.008264462809917356,0.015748031496062992,0.010416666666666666
no_prior_print_15m,2026-09-17,288,291,4,132,132,0,4,132,440,0.0,0.0,0.0,0.006944444444444444
no_prior_print_15m,2026-09-18,288,283,6,92,92,1,5,91,479,0.16666666666666666,0.010869565217391304,0.02040816326530612,0.010416666666666666
no_prior_print_15m,2026-09-19,274,256,5,89,89,2,3,87,456,0.4,0.02247191011235955,0.0425531914893617,0.009124087591240875
no_prior_print_15m,2026-09-20,288,287,5,121,121,2,3,119,452,0.4,0.01652892561983471,0.031746031746031744,0.008680555555555556
no_prior_print_15m,2026-09-21,288,285,6,118,118,0,6,118,452,0.0,0.0,0.0,0.010416666666666666
no_prior_print_15m,2026-09-22,288,287,10,141,141,4,6,137,429,0.4,0.028368794326241134,0.052980132450331126,0.017361111111111112
no_prior_print_15m,2026-09-23,288,283,19,111,111,0,19,111,446,0.0,0.0,0.0,0.03298611111111111
no_prior_print_15m,2026-09-24,288,286,24,98,98,2,22,96,456,0.08333333333333333,0.02040816326530612,0.03278688524590164,0.041666666666666664
no_prior_print_15m,2026-09-25,288,290,42,89,89,6,36,83,451,0.14285714285714285,0.06741573033707865,0.0916030534351145,0.07291666666666667
no_prior_print_15m,2026-09-26,288,283,21,59,59,4,17,55,500,0.19047619047619047,0.06779661016949153,0.1,0.036458333333333336
no_prior_print_15m,2026-09-27,288,287,24,45,45,6,18,39,513,0.25,0.13333333333333333,0.17391304347826086,0.041666666666666664
no_prior_print_15m,2026-09-28,288,279,63,42,42,4,59,38,475,0.06349206349206349,0.09523809523809523,0.0761904761904762,0.109375
no_prior_print_15m,2026-09-29,288,295,46,55,55,8,38,47,483,0.17391304347826086,0.14545454545454545,0.15841584158415842,0.0798611111111111
no_prior_print_15m,2026-09-30,288,284,31,74,74,3,28,71,474,0.0967741935483871,0.04054054054054054,0.05714285714285714,0.05381944444444445
no_prior_print_15m,2026-10-01,155,154,15,35,35,0,15,35,260,0.0,0.0,0.0,0.04838709677419355
no_prior_print_60m,2026-09-10,288,287,0,227,227,0,0,227,349,,0.0,0.0,0.0
no_prior_print_60m,2026-09-11,287,286,0,170,170,0,0,170,404,,0.0,0.0,0.0
no_prior_print_60m,2026-09-12,288,293,0,97,97,0,0,97,479,,0.0,0.0,0.0
no_prior_print_60m,2026-09-13,288,292,0,94,94,0,0,94,482,,0.0,0.0,0.0
no_prior_print_60m,2026-09-14,288,292,0,156,156,0,0,156,420,,0.0,0.0,0.0
no_prior_print_60m,2026-09-15,288,290,0,133,133,0,0,133,443,,0.0,0.0,0.0
no_prior_print_60m,2026-09-16,288,291,0,121,121,0,0,121,455,,0.0,0.0,0.0
no_prior_print_60m,2026-09-17,288,291,0,132,132,0,0,132,444,,0.0,0.0,0.0
no_prior_print_60m,2026-09-18,288,283,0,92,92,0,0,92,484,,0.0,0.0,0.0
no_prior_print_60m,2026-09-19,274,256,1,89,89,1,0,88,459,1.0,0.011235955056179775,0.022222222222222223,0.0018248175182481751
no_prior_print_60m,2026-09-20,288,287,0,121,121,0,0,121,455,,0.0,0.0,0.0
no_prior_print_60m,2026-09-21,288,285,0,118,118,0,0,118,458,,0.0,0.0,0.0
no_prior_print_60m,2026-09-22,288,287,0,141,141,0,0,141,435,,0.0,0.0,0.0
no_prior_print_60m,2026-09-23,288,283,0,111,111,0,0,111,465,,0.0,0.0,0.0
no_prior_print_60m,2026-09-24,288,286,0,98,98,0,0,98,478,,0.0,0.0,0.0
no_prior_print_60m,2026-09-25,288,290,0,89,89,0,0,89,487,,0.0,0.0,0.0
no_prior_print_60m,2026-09-26,288,283,0,59,59,0,0,59,517,,0.0,0.0,0.0
no_prior_print_60m,2026-09-27,288,287,0,45,45,0,0,45,531,,0.0,0.0,0.0
no_prior_print_60m,2026-09-28,288,279,2,42,42,0,2,42,532,0.0,0.0,0.0,0.003472222222222222
no_prior_print_60m,2026-09-29,288,295,0,55,55,0,0,55,521,,0.0,0.0,0.0
no_prior_print_60m,2026-09-30,288,284,0,74,74,0,0,74,502,,0.0,0.0,0.0
no_prior_print_60m,2026-10-01,155,154,0,35,35,0,0,35,275,,0.0,0.0,0.0
concurrency_le_0,2026-09-10,288,287,101,227,227,72,29,155,320,0.7128712871287128,0.31718061674008813,0.43902439024390244,0.1753472222222222
concurrency_le_0,2026-09-11,287,286,111,170,170,63,48,107,356,0.5675675675675675,0.37058823529411766,0.4483985765124555,0.19337979094076654
concurrency_le_0,2026-09-12,288,293,90,97,97,27,63,70,416,0.3,0.27835051546391754,0.2887700534759358,0.15625
concurrency_le_0,2026-09-13,288,292,102,94,94,27,75,67,407,0.2647058823529412,0.2872340425531915,0.2755102040816326,0.17708333333333334
concurrency_le_0,2026-09-14,288,292,127,156,156,65,62,91,358,0.5118110236220472,0.4166666666666667,0.45936395759717313,0.2204861111111111
concurrency_le_0,2026-09-15,288,290,116,133,133,52,64,81,379,0.4482758620689655,0.39097744360902253,0.41767068273092367,0.2013888888888889
concurrency_le_0,2026-09-16,288,291,146,121,121,58,88,63,367,0.3972602739726027,0.4793388429752066,0.4344569288389513,0.2534722222222222
concurrency_le_0,2026-09-17,288,291,143,132,132,70,73,62,371,0.48951048951048953,0.5303030303030303,0.509090909090909,0.2482638888888889
concurrency_le_0,2026-09-18,288,283,133,92,92,36,97,56,387,0.2706766917293233,0.391304347826087,0.32,0.2309027777777778
concurrency_le_0,2026-09-19,274,256,138,89,89,39,99,50,360,0.2826086956521739,0.43820224719101125,0.3436123348017621,0.2518248175182482
concurrency_le_0,2026-09-20,288,287,158,121,121,67,91,54,364,0.4240506329113924,0.5537190082644629,0.48028673835125446,0.2743055555555556
concurrency_le_0,2026-09-21,288,285,144,118,118,49,95,69,363,0.3402777777777778,0.4152542372881356,0.37404580152671757,0.25
concurrency_le_0,2026-09-22,288,287,172,141,141,82,90,59,345,0.47674418604651164,0.5815602836879432,0.5239616613418531,0.2986111111111111
concurrency_le_0,2026-09-23,288,283,159,111,111,46,113,65,352,0.2893081761006289,0.4144144144144144,0.34074074074074073,0.2760416666666667
concurrency_le_0,2026-09-24,288,286,179,98,98,48,131,50,347,0.2681564245810056,0.4897959183673469,0.34657039711191334,0.3107638888888889
concurrency_le_0,2026-09-25,288,290,199,89,89,48,151,41,336,0.24120603015075376,0.5393258426966292,0.3333333333333333,0.3454861111111111
concurrency_le_0,2026-09-26,288,283,185,59,59,36,149,23,368,0.1945945945945946,0.6101694915254238,0.29508196721311475,0.3211805555555556
concurrency_le_0,2026-09-27,288,287,185,45,45,28,157,17,374,0.15135135135135136,0.6222222222222222,0.24347826086956523,0.3211805555555556
concurrency_le_0,2026-09-28,288,279,215,42,42,24,191,18,343,0.11162790697674418,0.5714285714285714,0.1867704280155642,0.3732638888888889
concurrency_le_0,2026-09-29,288,295,242,55,55,43,199,12,322,0.17768595041322313,0.7818181818181819,0.2895622895622896,0.4201388888888889
concurrency_le_0,2026-09-30,288,284,211,74,74,44,167,30,335,0.20853080568720378,0.5945945945945946,0.3087719298245614,0.3663194444444444
concurrency_le_0,2026-10-01,155,154,111,35,35,18,93,17,182,0.16216216216216217,0.5142857142857142,0.2465753424657534,0.3580645161290323
concurrency_le_1,2026-09-10,288,287,195,227,227,152,43,75,306,0.7794871794871795,0.6696035242290749,0.7203791469194313,0.3385416666666667
concurrency_le_1,2026-09-11,287,286,203,170,170,113,90,57,314,0.5566502463054187,0.6647058823529411,0.6058981233243967,0.35365853658536583
concurrency_le_1,2026-09-12,288,293,186,97,97,54,132,43,347,0.2903225806451613,0.5567010309278351,0.38162544169611307,0.3229166666666667
concurrency_le_1,2026-09-13,288,292,197,94,94,59,138,35,344,0.29949238578680204,0.6276595744680851,0.4054982817869416,0.3420138888888889
concurrency_le_1,2026-09-14,288,292,215,156,156,115,100,41,320,0.5348837209302325,0.7371794871794872,0.6199460916442049,0.3732638888888889
concurrency_le_1,2026-09-15,288,290,211,133,133,93,118,40,325,0.44075829383886256,0.6992481203007519,0.5406976744186046,0.3663194444444444
concurrency_le_1,2026-09-16,288,291,226,121,121,94,132,27,323,0.415929203539823,0.7768595041322314,0.5417867435158501,0.3923611111111111
concurrency_le_1,2026-09-17,288,291,224,132,132,103,121,29,323,0.45982142857142855,0.7803030303030303,0.5786516853932584,0.3888888888888889
concurrency_le_1,2026-09-18,288,283,236,92,92,71,165,21,319,0.3008474576271186,0.7717391304347826,0.4329268292682927,0.4097222222222222
concurrency_le_1,2026-09-19,274,256,223,89,89,71,152,18,307,0.3183856502242152,0.797752808988764,0.4551282051282051,0.40693430656934304
concurrency_le_1,2026-09-20,288,287,243,121,121,97,146,24,309,0.3991769547325103,0.8016528925619835,0.532967032967033,0.421875
concurrency_le_1,2026-09-21,288,285,233,118,118,87,146,31,312,0.37339055793991416,0.7372881355932204,0.49572649572649574,0.4045138888888889
concurrency_le_1,2026-09-22,288,287,257,141,141,118,139,23,296,0.4591439688715953,0.8368794326241135,0.592964824120603,0.4461805555555556
concurrency_le_1,2026-09-23,288,283,244,111,111,84,160,27,305,0.3442622950819672,0.7567567567567568,0.4732394366197183,0.4236111111111111
concurrency_le_1,2026-09-24,288,286,260,98,98,84,176,14,302,0.3230769230769231,0.8571428571428571,0.4692737430167598,0.4513888888888889
concurrency_le_1,2026-09-25,288,290,276,89,89,82,194,7,293,0.2971014492753623,0.9213483146067416,0.44931506849315067,0.4791666666666667
concurrency_le_1,2026-09-26,288,283,265,59,59,54,211,5,306,0.2037735849056604,0.9152542372881356,0.3333333333333333,0.4600694444444444
concurrency_le_1,2026-09-27,288,287,272,45,45,42,230,3,301,0.15441176470588236,0.9333333333333333,0.26498422712933756,0.4722222222222222
concurrency_le_1,2026-09-28,288,279,270,42,42,34,236,8,298,0.1259259259259259,0.8095238095238095,0.21794871794871795,0.46875
concurrency_le_1,2026-09-29,288,295,285,55,55,51,234,4,287,0.17894736842105263,0.9272727272727272,0.3,0.4947916666666667
concurrency_le_1,2026-09-30,288,284,262,74,74,61,201,13,301,0.23282442748091603,0.8243243243243243,0.3630952380952381,0.4548611111111111
concurrency_le_1,2026-10-01,155,154,145,35,35,29,116,6,159,0.2,0.8285714285714286,0.32222222222222224,0.46774193548387094
concurrency_le_2,2026-09-10,288,287,256,227,227,201,55,26,294,0.78515625,0.8854625550660793,0.8322981366459627,0.4444444444444444
concurrency_le_2,2026-09-11,287,286,260,170,170,151,109,19,295,0.5807692307692308,0.888235294117647,0.7023255813953488,0.4529616724738676
concurrency_le_2,2026-09-12,288,293,250,97,97,79,171,18,308,0.316,0.8144329896907216,0.4553314121037464,0.4340277777777778
concurrency_le_2,2026-09-13,288,292,261,94,94,82,179,12,303,0.31417624521072796,0.8723404255319149,0.4619718309859155,0.453125
concurrency_le_2,2026-09-14,288,292,261,156,156,138,123,18,297,0.5287356321839081,0.8846153846153846,0.6618705035971223,0.453125
concurrency_le_2,2026-09-15,288,290,263,133,133,120,143,13,300,0.45627376425855515,0.9022556390977443,0.6060606060606061,0.4565972222222222
concurrency_le_2,2026-09-16,288,291,264,121,121,108,156,13,299,0.4090909090909091,0.8925619834710744,0.561038961038961,0.4583333333333333
concurrency_le_2,2026-09-17,288,291,257,132,132,119,138,13,306,0.46303501945525294,0.9015151515151515,0.6118251928020566,0.4461805555555556
concurrency_le_2,2026-09-18,288,283,265,92,92,81,184,11,300,0.30566037735849055,0.8804347826086957,0.453781512605042,0.4600694444444444
concurrency_le_2,2026-09-19,274,256,248,89,89,81,167,8,292,0.32661290322580644,0.9101123595505618,0.4807121661721068,0.45255474452554745
concurrency_le_2,2026-09-20,288,287,270,121,121,109,161,12,294,0.40370370370370373,0.9008264462809917,0.5575447570332481,0.46875
concurrency_le_2,2026-09-21,288,285,275,118,118,105,170,13,288,0.38181818181818183,0.8898305084745762,0.5343511450381679,0.4774305555555556
concurrency_le_2,2026-09-22,288,287,276,141,141,129,147,12,288,0.4673913043478261,0.9148936170212766,0.6187050359712231,0.4791666666666667
concurrency_le_2,2026-09-23,288,283,276,111,111,100,176,11,289,0.36231884057971014,0.9009009009009009,0.5167958656330749,0.4791666666666667
concurrency_le_2,2026-09-24,288,286,283,98,98,93,190,5,288,0.3286219081272085,0.9489795918367347,0.4881889763779528,0.4913194444444444
concurrency_le_2,2026-09-25,288,290,287,89,89,85,202,4,285,0.2961672473867596,0.9550561797752809,0.4521276595744681,0.4982638888888889
concurrency_le_2,2026-09-26,288,283,280,59,59,55,225,4,292,0.19642857142857142,0.9322033898305084,0.32448377581120946,0.4861111111111111
concurrency_le_2,2026-09-27,288,287,285,45,45,43,242,2,289,0.15087719298245614,0.9555555555555556,0.2606060606060606,0.4947916666666667
concurrency_le_2,2026-09-28,288,279,278,42,42,36,242,6,292,0.12949640287769784,0.8571428571428571,0.225,0.4826388888888889
concurrency_le_2,2026-09-29,288,295,292,55,55,53,239,2,282,0.1815068493150685,0.9636363636363636,0.30547550432276654,0.5069444444444444
concurrency_le_2,2026-09-30,288,284,281,74,74,68,213,6,289,0.24199288256227758,0.918918918918919,0.38309859154929576,0.4878472222222222
concurrency_le_2,2026-10-01,155,154,153,35,35,34,119,1,156,0.2222222222222222,0.9714285714285714,0.3617021276595745,0.4935483870967742
concurrency_le_4,2026-09-10,288,287,285,227,227,225,60,2,289,0.7894736842105263,0.9911894273127754,0.87890625,0.4947916666666667
concurrency_le_4,2026-09-11,287,286,282,170,170,166,116,4,288,0.5886524822695035,0.9764705882352941,0.7345132743362832,0.4912891986062718
concurrency_le_4,2026-09-12,288,293,290,97,97,96,194,1,285,0.3310344827586207,0.9896907216494846,0.49612403100775193,0.5034722222222222
concurrency_le_4,2026-09-13,288,292,292,94,94,94,198,0,284,0.3219178082191781,1.0,0.48704663212435234,0.5069444444444444
concurrency_le_4,2026-09-14,288,292,288,156,156,154,134,2,286,0.5347222222222222,0.9871794871794872,0.6936936936936937,0.5
concurrency_le_4,2026-09-15,288,290,288,133,133,132,156,1,287,0.4583333333333333,0.9924812030075187,0.6270783847980997,0.5
concurrency_le_4,2026-09-16,288,291,288,121,121,120,168,1,287,0.4166666666666667,0.9917355371900827,0.58679706601467,0.5
concurrency_le_4,2026-09-17,288,291,290,132,132,131,159,1,285,0.4517241379310345,0.9924242424242424,0.6208530805687204,0.5034722222222222
concurrency_le_4,2026-09-18,288,283,282,92,92,86,196,6,288,0.3049645390070922,0.9347826086956522,0.45989304812834225,0.4895833333333333
concurrency_le_4,2026-09-19,274,256,256,89,89,85,171,4,288,0.33203125,0.9550561797752809,0.4927536231884058,0.46715328467153283
concurrency_le_4,2026-09-20,288,287,287,121,121,118,169,3,286,0.41114982578397213,0.9752066115702479,0.5784313725490197,0.4982638888888889
concurrency_le_4,2026-09-21,288,285,284,118,118,111,173,7,285,0.3908450704225352,0.940677966101695,0.5522388059701493,0.4930555555555556
concurrency_le_4,2026-09-22,288,287,287,141,141,136,151,5,284,0.4738675958188153,0.9645390070921985,0.6355140186915887,0.4982638888888889
concurrency_le_4,2026-09-23,288,283,283,111,111,105,178,6,287,0.3710247349823322,0.9459459459459459,0.5329949238578681,0.4913194444444444
concurrency_le_4,2026-09-24,288,286,286,98,98,95,191,3,287,0.3321678321678322,0.9693877551020408,0.4947916666666667,0.4965277777777778
concurrency_le_4,2026-09-25,288,290,290,89,89,88,202,1,285,0.30344827586206896,0.9887640449438202,0.46437994722955145,0.5034722222222222
concurrency_le_4,2026-09-26,288,283,283,59,59,57,226,2,291,0.20141342756183744,0.9661016949152542,0.3333333333333333,0.4913194444444444
concurrency_le_4,2026-09-27,288,287,287,45,45,45,242,0,289,0.156794425087108,1.0,0.2710843373493976,0.4982638888888889
concurrency_le_4,2026-09-28,288,279,279,42,42,36,243,6,291,0.12903225806451613,0.8571428571428571,0.22429906542056074,0.484375
concurrency_le_4,2026-09-29,288,295,295,55,55,54,241,1,280,0.18305084745762712,0.9818181818181818,0.30857142857142855,0.5121527777777778
concurrency_le_4,2026-09-30,288,284,284,74,74,71,213,3,289,0.25,0.9594594594594594,0.39664804469273746,0.4930555555555556
concurrency_le_4,2026-10-01,155,154,154,35,35,34,120,1,155,0.22077922077922077,0.9714285714285714,0.35978835978835977,0.4967741935483871
concurrency_ge_1,2026-09-10,288,287,186,227,227,155,31,72,318,0.8333333333333334,0.6828193832599119,0.7506053268765133,0.3229166666666667
concurrency_ge_1,2026-09-11,287,286,175,170,170,107,68,63,336,0.6114285714285714,0.6294117647058823,0.6202898550724638,0.3048780487804878
concurrency_ge_1,2026-09-12,288,293,203,97,97,70,133,27,346,0.3448275862068966,0.7216494845360825,0.4666666666666667,0.3524305555555556
concurrency_ge_1,2026-09-13,288,292,190,94,94,67,123,27,359,0.3526315789473684,0.7127659574468085,0.47183098591549294,0.3298611111111111
concurrency_ge_1,2026-09-14,288,292,165,156,156,91,74,65,346,0.5515151515151515,0.5833333333333334,0.5669781931464174,0.2864583333333333
concurrency_ge_1,2026-09-15,288,290,174,133,133,81,93,52,350,0.46551724137931033,0.6090225563909775,0.5276872964169381,0.3020833333333333
concurrency_ge_1,2026-09-16,288,291,145,121,121,63,82,58,373,0.43448275862068964,0.5206611570247934,0.47368421052631576,0.2517361111111111
concurrency_ge_1,2026-09-17,288,291,148,132,132,61,87,71,357,0.41216216216216217,0.4621212121212121,0.4357142857142857,0.2569444444444444
concurrency_ge_1,2026-09-18,288,283,150,92,92,50,100,42,384,0.3333333333333333,0.5434782608695652,0.4132231404958678,0.2604166666666667
concurrency_ge_1,2026-09-19,274,256,118,89,89,46,72,43,387,0.3898305084745763,0.5168539325842697,0.4444444444444444,0.21532846715328466
concurrency_ge_1,2026-09-20,288,287,129,121,121,51,78,70,377,0.3953488372093023,0.4214876033057851,0.408,0.22395833333333334
concurrency_ge_1,2026-09-21,288,285,141,118,118,63,78,55,380,0.44680851063829785,0.5338983050847458,0.4864864864864865,0.24479166666666666
concurrency_ge_1,2026-09-22,288,287,115,141,141,54,61,87,374,0.46956521739130436,0.3829787234042553,0.421875,0.1996527777777778
concurrency_ge_1,2026-09-23,288,283,124,111,111,59,65,52,400,0.47580645161290325,0.5315315315315315,0.502127659574468,0.2152777777777778
concurrency_ge_1,2026-09-24,288,286,107,98,98,47,60,51,418,0.4392523364485981,0.47959183673469385,0.4585365853658537,0.1857638888888889
concurrency_ge_1,2026-09-25,288,290,91,89,89,40,51,49,436,0.43956043956043955,0.449438202247191,0.4444444444444444,0.1579861111111111
concurrency_ge_1,2026-09-26,288,283,98,59,59,21,77,38,440,0.21428571428571427,0.3559322033898305,0.267515923566879,0.1701388888888889
concurrency_ge_1,2026-09-27,288,287,102,45,45,17,85,28,446,0.16666666666666666,0.37777777777777777,0.23129251700680273,0.17708333333333334
concurrency_ge_1,2026-09-28,288,279,64,42,42,12,52,30,482,0.1875,0.2857142857142857,0.22641509433962265,0.1111111111111111
concurrency_ge_1,2026-09-29,288,295,53,55,55,11,42,44,479,0.20754716981132076,0.2,0.2037037037037037,0.0920138888888889
concurrency_ge_1,2026-09-30,288,284,73,74,74,27,46,47,456,0.3698630136986301,0.36486486486486486,0.3673469387755102,0.1267361111111111
concurrency_ge_1,2026-10-01,155,154,43,35,35,16,27,19,248,0.37209302325581395,0.45714285714285713,0.41025641025641024,0.13870967741935483
gross_unexpired_le_100,2026-09-10,288,287,151,227,227,110,41,117,308,0.7284768211920529,0.4845814977973568,0.582010582010582,0.2621527777777778
gross_unexpired_le_100,2026-09-11,287,286,176,170,170,99,77,71,327,0.5625,0.5823529411764706,0.5722543352601156,0.30662020905923343
gross_unexpired_le_100,2026-09-12,288,293,163,97,97,52,111,45,368,0.31901840490797545,0.5360824742268041,0.4,0.2829861111111111
gross_unexpired_le_100,2026-09-13,288,292,189,94,94,58,131,36,351,0.30687830687830686,0.6170212765957447,0.4098939929328622,0.328125
gross_unexpired_le_100,2026-09-14,288,292,199,156,156,106,93,50,327,0.5326633165829145,0.6794871794871795,0.5971830985915493,0.3454861111111111
gross_unexpired_le_100,2026-09-15,288,290,184,133,133,79,105,54,338,0.42934782608695654,0.5939849624060151,0.49842271293375395,0.3194444444444444
gross_unexpired_le_100,2026-09-16,288,291,191,121,121,69,122,52,333,0.3612565445026178,0.5702479338842975,0.4423076923076923,0.3315972222222222
gross_unexpired_le_100,2026-09-17,288,291,184,132,132,87,97,45,347,0.47282608695652173,0.6590909090909091,0.5506329113924051,0.3194444444444444
gross_unexpired_le_100,2026-09-18,288,283,193,92,92,51,142,41,342,0.26424870466321243,0.5543478260869565,0.35789473684210527,0.3350694444444444
gross_unexpired_le_100,2026-09-19,274,256,195,89,89,57,138,32,321,0.2923076923076923,0.6404494382022472,0.4014084507042254,0.35583941605839414
gross_unexpired_le_100,2026-09-20,288,287,216,121,121,85,131,36,324,0.39351851851851855,0.7024793388429752,0.5044510385756676,0.375
gross_unexpired_le_100,2026-09-21,288,285,208,118,118,70,138,48,320,0.33653846153846156,0.5932203389830508,0.4294478527607362,0.3611111111111111
gross_unexpired_le_100,2026-09-22,288,287,234,141,141,105,129,36,306,0.44871794871794873,0.7446808510638298,0.56,0.40625
gross_unexpired_le_100,2026-09-23,288,283,219,111,111,67,152,44,313,0.3059360730593607,0.6036036036036037,0.40606060606060607,0.3802083333333333
gross_unexpired_le_100,2026-09-24,288,286,241,98,98,68,173,30,305,0.2821576763485477,0.6938775510204082,0.40117994100294985,0.4184027777777778
gross_unexpired_le_100,2026-09-25,288,290,256,89,89,69,187,20,300,0.26953125,0.7752808988764045,0.4,0.4444444444444444
gross_unexpired_le_100,2026-09-26,288,283,244,59,59,47,197,12,320,0.19262295081967212,0.7966101694915254,0.3102310231023102,0.4236111111111111
gross_unexpired_le_100,2026-09-27,288,287,266,45,45,35,231,10,300,0.13157894736842105,0.7777777777777778,0.22508038585209003,0.4618055555555556
gross_unexpired_le_100,2026-09-28,288,279,264,42,42,33,231,9,303,0.125,0.7857142857142857,0.21568627450980393,0.4583333333333333
gross_unexpired_le_100,2026-09-29,288,295,281,55,55,48,233,7,288,0.1708185053380783,0.8727272727272727,0.2857142857142857,0.4878472222222222
gross_unexpired_le_100,2026-09-30,288,284,255,74,74,58,197,16,305,0.22745098039215686,0.7837837837837838,0.3525835866261398,0.4427083333333333
gross_unexpired_le_100,2026-10-01,155,154,138,35,35,25,113,10,162,0.18115942028985507,0.7142857142857143,0.28901734104046245,0.44516129032258067
gross_unexpired_le_1000,2026-09-10,288,287,245,227,227,194,51,33,298,0.7918367346938775,0.8546255506607929,0.8220338983050848,0.4253472222222222
gross_unexpired_le_1000,2026-09-11,287,286,253,170,170,148,105,22,299,0.5849802371541502,0.8705882352941177,0.6997635933806147,0.44076655052264807
gross_unexpired_le_1000,2026-09-12,288,293,273,97,97,91,182,6,297,0.3333333333333333,0.9381443298969072,0.4918918918918919,0.4739583333333333
gross_unexpired_le_1000,2026-09-13,288,292,278,94,94,88,190,6,292,0.31654676258992803,0.9361702127659575,0.4731182795698925,0.4826388888888889
gross_unexpired_le_1000,2026-09-14,288,292,262,156,156,141,121,15,299,0.5381679389312977,0.9038461538461539,0.6746411483253588,0.4548611111111111
gross_unexpired_le_1000,2026-09-15,288,290,258,133,133,120,138,13,305,0.46511627906976744,0.9022556390977443,0.6138107416879796,0.4479166666666667
gross_unexpired_le_1000,2026-09-16,288,291,247,121,121,99,148,22,307,0.4008097165991903,0.8181818181818182,0.5380434782608695,0.4288194444444444
gross_unexpired_le_1000,2026-09-17,288,291,258,132,132,117,141,15,303,0.45348837209302323,0.8863636363636364,0.6,0.4479166666666667
gross_unexpired_le_1000,2026-09-18,288,283,253,92,92,77,176,15,308,0.30434782608695654,0.8369565217391305,0.4463768115942029,0.4392361111111111
gross_unexpired_le_1000,2026-09-19,274,256,235,89,89,76,159,13,300,0.32340425531914896,0.8539325842696629,0.4691358024691358,0.42883211678832117
gross_unexpired_le_1000,2026-09-20,288,287,265,121,121,111,154,10,301,0.4188679245283019,0.9173553719008265,0.5751295336787565,0.4600694444444444
gross_unexpired_le_1000,2026-09-21,288,285,263,118,118,102,161,16,297,0.38783269961977185,0.864406779661017,0.5354330708661418,0.4565972222222222
gross_unexpired_le_1000,2026-09-22,288,287,265,141,141,122,143,19,292,0.46037735849056605,0.8652482269503546,0.6009852216748769,0.4600694444444444
gross_unexpired_le_1000,2026-09-23,288,283,270,111,111,97,173,14,292,0.3592592592592593,0.8738738738738738,0.5091863517060368,0.46875
gross_unexpired_le_1000,2026-09-24,288,286,276,98,98,89,187,9,291,0.322463768115942,0.9081632653061225,0.47593582887700536,0.4791666666666667
gross_unexpired_le_1000,2026-09-25,288,290,282,89,89,84,198,5,289,0.2978723404255319,0.9438202247191011,0.4528301886792453,0.4895833333333333
gross_unexpired_le_1000,2026-09-26,288,283,279,59,59,55,224,4,293,0.1971326164874552,0.9322033898305084,0.3254437869822485,0.484375
gross_unexpired_le_1000,2026-09-27,288,287,280,45,45,43,237,2,294,0.15357142857142858,0.9555555555555556,0.26461538461538464,0.4861111111111111
gross_unexpired_le_1000,2026-09-28,288,279,277,42,42,35,242,7,292,0.1263537906137184,0.8333333333333334,0.219435736677116,0.4809027777777778
gross_unexpired_le_1000,2026-09-29,288,295,290,55,55,51,239,4,282,0.17586206896551723,0.9272727272727272,0.2956521739130435,0.5034722222222222
gross_unexpired_le_1000,2026-09-30,288,284,278,74,74,70,208,4,294,0.2517985611510791,0.9459459459459459,0.3977272727272727,0.4826388888888889
gross_unexpired_le_1000,2026-10-01,155,154,153,35,35,33,120,2,155,0.21568627450980393,0.9428571428571428,0.35106382978723405,0.4935483870967742
gross_unexpired_le_5000,2026-09-10,288,287,287,227,227,227,60,0,289,0.7909407665505227,1.0,0.8832684824902723,0.4982638888888889
gross_unexpired_le_5000,2026-09-11,287,286,284,170,170,168,116,2,288,0.5915492957746479,0.9882352941176471,0.7400881057268722,0.49477351916376305
gross_unexpired_le_5000,2026-09-12,288,293,293,97,97,97,196,0,283,0.3310580204778157,1.0,0.49743589743589745,0.5086805555555556
gross_unexpired_le_5000,2026-09-13,288,292,292,94,94,94,198,0,284,0.3219178082191781,1.0,0.48704663212435234,0.5069444444444444
gross_unexpired_le_5000,2026-09-14,288,292,290,156,156,154,136,2,284,0.5310344827586206,0.9871794871794872,0.6905829596412556,0.5034722222222222
gross_unexpired_le_5000,2026-09-15,288,290,288,133,133,132,156,1,287,0.4583333333333333,0.9924812030075187,0.6270783847980997,0.5
gross_unexpired_le_5000,2026-09-16,288,291,285,121,121,117,168,4,287,0.4105263157894737,0.9669421487603306,0.5763546798029556,0.4947916666666667
gross_unexpired_le_5000,2026-09-17,288,291,287,132,132,129,158,3,286,0.44947735191637633,0.9772727272727273,0.6157517899761337,0.4982638888888889
gross_unexpired_le_5000,2026-09-18,288,283,283,92,92,86,197,6,287,0.303886925795053,0.9347826086956522,0.45866666666666667,0.4913194444444444
gross_unexpired_le_5000,2026-09-19,274,256,256,89,89,85,171,4,288,0.33203125,0.9550561797752809,0.4927536231884058,0.46715328467153283
gross_unexpired_le_5000,2026-09-20,288,287,287,121,121,118,169,3,286,0.41114982578397213,0.9752066115702479,0.5784313725490197,0.4982638888888889
gross_unexpired_le_5000,2026-09-21,288,285,285,118,118,112,173,6,285,0.3929824561403509,0.9491525423728814,0.5558312655086849,0.4947916666666667
gross_unexpired_le_5000,2026-09-22,288,287,287,141,141,136,151,5,284,0.4738675958188153,0.9645390070921985,0.6355140186915887,0.4982638888888889
gross_unexpired_le_5000,2026-09-23,288,283,282,111,111,104,178,7,287,0.36879432624113473,0.9369369369369369,0.5292620865139949,0.4895833333333333
gross_unexpired_le_5000,2026-09-24,288,286,286,98,98,95,191,3,287,0.3321678321678322,0.9693877551020408,0.4947916666666667,0.4965277777777778
gross_unexpired_le_5000,2026-09-25,288,290,290,89,89,88,202,1,285,0.30344827586206896,0.9887640449438202,0.46437994722955145,0.5034722222222222
gross_unexpired_le_5000,2026-09-26,288,283,283,59,59,57,226,2,291,0.20141342756183744,0.9661016949152542,0.3333333333333333,0.4913194444444444
gross_unexpired_le_5000,2026-09-27,288,287,287,45,45,45,242,0,289,0.156794425087108,1.0,0.2710843373493976,0.4982638888888889
gross_unexpired_le_5000,2026-09-28,288,279,279,42,42,36,243,6,291,0.12903225806451613,0.8571428571428571,0.22429906542056074,0.484375
gross_unexpired_le_5000,2026-09-29,288,295,295,55,55,54,241,1,280,0.18305084745762712,0.9818181818181818,0.30857142857142855,0.5121527777777778
gross_unexpired_le_5000,2026-09-30,288,284,284,74,74,71,213,3,289,0.25,0.9594594594594594,0.39664804469273746,0.4930555555555556
gross_unexpired_le_5000,2026-10-01,155,154,154,35,35,34,120,1,155,0.22077922077922077,0.9714285714285714,0.35978835978835977,0.4967741935483871
gross_unexpired_le_10000,2026-09-10,288,287,287,227,227,227,60,0,289,0.7909407665505227,1.0,0.8832684824902723,0.4982638888888889
gross_unexpired_le_10000,2026-09-11,287,286,286,170,170,170,116,0,288,0.5944055944055944,1.0,0.7456140350877193,0.49825783972125437
gross_unexpired_le_10000,2026-09-12,288,293,293,97,97,97,196,0,283,0.3310580204778157,1.0,0.49743589743589745,0.5086805555555556
gross_unexpired_le_10000,2026-09-13,288,292,292,94,94,94,198,0,284,0.3219178082191781,1.0,0.48704663212435234,0.5069444444444444
gross_unexpired_le_10000,2026-09-14,288,292,292,156,156,156,136,0,284,0.5342465753424658,1.0,0.6964285714285714,0.5069444444444444
gross_unexpired_le_10000,2026-09-15,288,290,290,133,133,133,157,0,286,0.4586206896551724,1.0,0.6288416075650118,0.5034722222222222
gross_unexpired_le_10000,2026-09-16,288,291,291,121,121,121,170,0,285,0.41580756013745707,1.0,0.587378640776699,0.5052083333333334
gross_unexpired_le_10000,2026-09-17,288,291,291,132,132,131,160,1,284,0.45017182130584193,0.9924242424242424,0.6193853427895981,0.5052083333333334
gross_unexpired_le_10000,2026-09-18,288,283,283,92,92,86,197,6,287,0.303886925795053,0.9347826086956522,0.45866666666666667,0.4913194444444444
gross_unexpired_le_10000,2026-09-19,274,256,256,89,89,85,171,4,288,0.33203125,0.9550561797752809,0.4927536231884058,0.46715328467153283
gross_unexpired_le_10000,2026-09-20,288,287,287,121,121,118,169,3,286,0.41114982578397213,0.9752066115702479,0.5784313725490197,0.4982638888888889
gross_unexpired_le_10000,2026-09-21,288,285,285,118,118,112,173,6,285,0.3929824561403509,0.9491525423728814,0.5558312655086849,0.4947916666666667
gross_unexpired_le_10000,2026-09-22,288,287,287,141,141,136,151,5,284,0.4738675958188153,0.9645390070921985,0.6355140186915887,0.4982638888888889
gross_unexpired_le_10000,2026-09-23,288,283,283,111,111,105,178,6,287,0.3710247349823322,0.9459459459459459,0.5329949238578681,0.4913194444444444
gross_unexpired_le_10000,2026-09-24,288,286,286,98,98,95,191,3,287,0.3321678321678322,0.9693877551020408,0.4947916666666667,0.4965277777777778
gross_unexpired_le_10000,2026-09-25,288,290,290,89,89,88,202,1,285,0.30344827586206896,0.9887640449438202,0.46437994722955145,0.5034722222222222
gross_unexpired_le_10000,2026-09-26,288,283,283,59,59,57,226,2,291,0.20141342756183744,0.9661016949152542,0.3333333333333333,0.4913194444444444
gross_unexpired_le_10000,2026-09-27,288,287,287,45,45,45,242,0,289,0.156794425087108,1.0,0.2710843373493976,0.4982638888888889
gross_unexpired_le_10000,2026-09-28,288,279,279,42,42,36,243,6,291,0.12903225806451613,0.8571428571428571,0.22429906542056074,0.484375
gross_unexpired_le_10000,2026-09-29,288,295,295,55,55,54,241,1,280,0.18305084745762712,0.9818181818181818,0.30857142857142855,0.5121527777777778
gross_unexpired_le_10000,2026-09-30,288,284,284,74,74,71,213,3,289,0.25,0.9594594594594594,0.39664804469273746,0.4930555555555556
gross_unexpired_le_10000,2026-10-01,155,154,154,35,35,34,120,1,155,0.22077922077922077,0.9714285714285714,0.35978835978835977,0.4967741935483871
prior_60m_gross_ge_100,2026-09-10,288,287,287,227,227,227,60,0,289,0.7909407665505227,1.0,0.8832684824902723,0.4982638888888889
prior_60m_gross_ge_100,2026-09-11,287,286,286,170,170,170,116,0,288,0.5944055944055944,1.0,0.7456140350877193,0.49825783972125437
prior_60m_gross_ge_100,2026-09-12,288,293,293,97,97,97,196,0,283,0.3310580204778157,1.0,0.49743589743589745,0.5086805555555556
prior_60m_gross_ge_100,2026-09-13,288,292,292,94,94,94,198,0,284,0.3219178082191781,1.0,0.48704663212435234,0.5069444444444444
prior_60m_gross_ge_100,2026-09-14,288,292,292,156,156,156,136,0,284,0.5342465753424658,1.0,0.6964285714285714,0.5069444444444444
prior_60m_gross_ge_100,2026-09-15,288,290,290,133,133,133,157,0,286,0.4586206896551724,1.0,0.6288416075650118,0.5034722222222222
prior_60m_gross_ge_100,2026-09-16,288,291,291,121,121,121,170,0,285,0.41580756013745707,1.0,0.587378640776699,0.5052083333333334
prior_60m_gross_ge_100,2026-09-17,288,291,291,132,132,131,160,1,284,0.45017182130584193,0.9924242424242424,0.6193853427895981,0.5052083333333334
prior_60m_gross_ge_100,2026-09-18,288,283,283,92,92,86,197,6,287,0.303886925795053,0.9347826086956522,0.45866666666666667,0.4913194444444444
prior_60m_gross_ge_100,2026-09-19,274,256,253,89,89,83,170,6,289,0.32806324110671936,0.9325842696629213,0.4853801169590643,0.46167883211678834
prior_60m_gross_ge_100,2026-09-20,288,287,284,121,121,117,167,4,288,0.4119718309859155,0.9669421487603306,0.5777777777777777,0.4930555555555556
prior_60m_gross_ge_100,2026-09-21,288,285,285,118,118,112,173,6,285,0.3929824561403509,0.9491525423728814,0.5558312655086849,0.4947916666666667
prior_60m_gross_ge_100,2026-09-22,288,287,287,141,141,136,151,5,284,0.4738675958188153,0.9645390070921985,0.6355140186915887,0.4982638888888889
prior_60m_gross_ge_100,2026-09-23,288,283,265,111,111,104,161,7,304,0.39245283018867927,0.9369369369369369,0.5531914893617021,0.4600694444444444
prior_60m_gross_ge_100,2026-09-24,288,286,272,98,98,95,177,3,301,0.3492647058823529,0.9693877551020408,0.5135135135135135,0.4722222222222222
prior_60m_gross_ge_100,2026-09-25,288,290,290,89,89,88,202,1,285,0.30344827586206896,0.9887640449438202,0.46437994722955145,0.5034722222222222
prior_60m_gross_ge_100,2026-09-26,288,283,283,59,59,57,226,2,291,0.20141342756183744,0.9661016949152542,0.3333333333333333,0.4913194444444444
prior_60m_gross_ge_100,2026-09-27,288,287,287,45,45,45,242,0,289,0.156794425087108,1.0,0.2710843373493976,0.4982638888888889
prior_60m_gross_ge_100,2026-09-28,288,279,266,42,42,36,230,6,304,0.13533834586466165,0.8571428571428571,0.23376623376623376,0.4618055555555556
prior_60m_gross_ge_100,2026-09-29,288,295,293,55,55,53,240,2,281,0.18088737201365188,0.9636363636363636,0.3045977011494253,0.5086805555555556
prior_60m_gross_ge_100,2026-09-30,288,284,281,74,74,70,211,4,291,0.2491103202846975,0.9459459459459459,0.39436619718309857,0.4878472222222222
prior_60m_gross_ge_100,2026-10-01,155,154,149,35,35,34,115,1,160,0.22818791946308725,0.9714285714285714,0.3695652173913043,0.4806451612903226
prior_60m_gross_ge_1000,2026-09-10,288,287,287,227,227,227,60,0,289,0.7909407665505227,1.0,0.8832684824902723,0.4982638888888889
prior_60m_gross_ge_1000,2026-09-11,287,286,286,170,170,170,116,0,288,0.5944055944055944,1.0,0.7456140350877193,0.49825783972125437
prior_60m_gross_ge_1000,2026-09-12,288,293,293,97,97,97,196,0,283,0.3310580204778157,1.0,0.49743589743589745,0.5086805555555556
prior_60m_gross_ge_1000,2026-09-13,288,292,292,94,94,94,198,0,284,0.3219178082191781,1.0,0.48704663212435234,0.5069444444444444
prior_60m_gross_ge_1000,2026-09-14,288,292,292,156,156,156,136,0,284,0.5342465753424658,1.0,0.6964285714285714,0.5069444444444444
prior_60m_gross_ge_1000,2026-09-15,288,290,283,133,133,133,150,0,293,0.46996466431095407,1.0,0.6394230769230769,0.4913194444444444
prior_60m_gross_ge_1000,2026-09-16,288,291,291,121,121,121,170,0,285,0.41580756013745707,1.0,0.587378640776699,0.5052083333333334
prior_60m_gross_ge_1000,2026-09-17,288,291,281,132,132,130,151,2,293,0.4626334519572954,0.9848484848484849,0.6295399515738499,0.4878472222222222
prior_60m_gross_ge_1000,2026-09-18,288,283,279,92,92,86,193,6,291,0.30824372759856633,0.9347826086956522,0.4636118598382749,0.484375
prior_60m_gross_ge_1000,2026-09-19,274,256,252,89,89,83,169,6,290,0.32936507936507936,0.9325842696629213,0.4868035190615836,0.45985401459854014
prior_60m_gross_ge_1000,2026-09-20,288,287,280,121,121,117,163,4,292,0.41785714285714287,0.9669421487603306,0.5835411471321695,0.4861111111111111
prior_60m_gross_ge_1000,2026-09-21,288,285,258,118,118,108,150,10,308,0.4186046511627907,0.9152542372881356,0.574468085106383,0.4479166666666667
prior_60m_gross_ge_1000,2026-09-22,288,287,282,141,141,135,147,6,288,0.4787234042553192,0.9574468085106383,0.6382978723404256,0.4895833333333333
prior_60m_gross_ge_1000,2026-09-23,288,283,236,111,111,104,132,7,333,0.4406779661016949,0.9369369369369369,0.5994236311239193,0.4097222222222222
prior_60m_gross_ge_1000,2026-09-24,288,286,232,98,98,93,139,5,339,0.40086206896551724,0.9489795918367347,0.5636363636363636,0.4027777777777778
prior_60m_gross_ge_1000,2026-09-25,288,290,277,89,89,87,190,2,297,0.3140794223826715,0.9775280898876404,0.47540983606557374,0.4809027777777778
prior_60m_gross_ge_1000,2026-09-26,288,283,262,59,59,56,206,3,311,0.21374045801526717,0.9491525423728814,0.34890965732087226,0.4548611111111111
prior_60m_gross_ge_1000,2026-09-27,288,287,233,45,45,37,196,8,335,0.15879828326180256,0.8222222222222222,0.26618705035971224,0.4045138888888889
prior_60m_gross_ge_1000,2026-09-28,288,279,210,42,42,27,183,15,351,0.12857142857142856,0.6428571428571429,0.21428571428571427,0.3645833333333333
prior_60m_gross_ge_1000,2026-09-29,288,295,257,55,55,50,207,5,314,0.19455252918287938,0.9090909090909091,0.32051282051282054,0.4461805555555556
prior_60m_gross_ge_1000,2026-09-30,288,284,247,74,74,69,178,5,324,0.2793522267206478,0.9324324324324325,0.42990654205607476,0.4288194444444444
prior_60m_gross_ge_1000,2026-10-01,155,154,124,35,35,31,93,4,182,0.25,0.8857142857142857,0.389937106918239,0.4
prior_60m_gross_ge_5000,2026-09-10,288,287,279,227,227,222,57,5,292,0.7956989247311828,0.9779735682819384,0.8774703557312253,0.484375
prior_60m_gross_ge_5000,2026-09-11,287,286,272,170,170,165,107,5,297,0.6066176470588235,0.9705882352941176,0.746606334841629,0.4738675958188153
prior_60m_gross_ge_5000,2026-09-12,288,293,263,97,97,89,174,8,305,0.33840304182509506,0.9175257731958762,0.49444444444444446,0.4565972222222222
prior_60m_gross_ge_5000,2026-09-13,288,292,254,94,94,88,166,6,316,0.3464566929133858,0.9361702127659575,0.5057471264367817,0.4409722222222222
prior_60m_gross_ge_5000,2026-09-14,288,292,283,156,156,152,131,4,289,0.5371024734982333,0.9743589743589743,0.6924829157175398,0.4913194444444444
prior_60m_gross_ge_5000,2026-09-15,288,290,278,133,133,131,147,2,296,0.4712230215827338,0.9849624060150376,0.6374695863746959,0.4826388888888889
prior_60m_gross_ge_5000,2026-09-16,288,291,248,121,121,116,132,5,323,0.46774193548387094,0.9586776859504132,0.6287262872628726,0.4305555555555556
prior_60m_gross_ge_5000,2026-09-17,288,291,275,132,132,129,146,3,298,0.4690909090909091,0.9772727272727273,0.6339066339066339,0.4774305555555556
prior_60m_gross_ge_5000,2026-09-18,288,283,268,92,92,84,184,8,300,0.31343283582089554,0.9130434782608695,0.4666666666666667,0.4652777777777778
prior_60m_gross_ge_5000,2026-09-19,274,256,221,89,89,75,146,14,313,0.3393665158371041,0.8426966292134831,0.4838709677419355,0.4032846715328467
prior_60m_gross_ge_5000,2026-09-20,288,287,274,121,121,114,160,7,295,0.41605839416058393,0.9421487603305785,0.5772151898734177,0.4756944444444444
prior_60m_gross_ge_5000,2026-09-21,288,285,216,118,118,104,112,14,346,0.48148148148148145,0.8813559322033898,0.6227544910179641,0.375
prior_60m_gross_ge_5000,2026-09-22,288,287,278,141,141,134,144,7,291,0.48201438848920863,0.950354609929078,0.639618138424821,0.4826388888888889
prior_60m_gross_ge_5000,2026-09-23,288,283,212,111,111,102,110,9,355,0.4811320754716981,0.918918918918919,0.631578947368421,0.3680555555555556
prior_60m_gross_ge_5000,2026-09-24,288,286,179,98,98,85,94,13,384,0.4748603351955307,0.8673469387755102,0.6137184115523465,0.3107638888888889
prior_60m_gross_ge_5000,2026-09-25,288,290,200,89,89,74,126,15,361,0.37,0.8314606741573034,0.5121107266435986,0.3472222222222222
prior_60m_gross_ge_5000,2026-09-26,288,283,163,59,59,40,123,19,394,0.24539877300613497,0.6779661016949152,0.36036036036036034,0.2829861111111111
prior_60m_gross_ge_5000,2026-09-27,288,287,104,45,45,20,84,25,447,0.19230769230769232,0.4444444444444444,0.2684563758389262,0.18055555555555555
prior_60m_gross_ge_5000,2026-09-28,288,279,114,42,42,21,93,21,441,0.18421052631578946,0.5,0.2692307692307692,0.19791666666666666
prior_60m_gross_ge_5000,2026-09-29,288,295,137,55,55,31,106,24,415,0.22627737226277372,0.5636363636363636,0.3229166666666667,0.2378472222222222
prior_60m_gross_ge_5000,2026-09-30,288,284,190,74,74,59,131,15,371,0.3105263157894737,0.7972972972972973,0.44696969696969696,0.3298611111111111
prior_60m_gross_ge_5000,2026-10-01,155,154,98,35,35,22,76,13,199,0.22448979591836735,0.6285714285714286,0.3308270676691729,0.3161290322580645
design_hour4_above_base,2026-09-10,288,287,144,227,227,117,27,110,322,0.8125,0.5154185022026432,0.6307277628032345,0.25
design_hour4_above_base,2026-09-11,287,286,147,170,170,102,45,68,359,0.6938775510204082,0.6,0.6435331230283912,0.25609756097560976
design_hour4_above_base,2026-09-12,288,293,144,97,97,56,88,41,391,0.3888888888888889,0.5773195876288659,0.46473029045643155,0.25
design_hour4_above_base,2026-09-13,288,292,145,94,94,47,98,47,384,0.32413793103448274,0.5,0.39330543933054396,0.2517361111111111
design_hour4_above_base,2026-09-14,288,292,145,156,156,85,60,71,360,0.5862068965517241,0.5448717948717948,0.5647840531561462,0.2517361111111111
design_hour4_above_base,2026-09-15,288,290,144,133,133,74,70,59,373,0.5138888888888888,0.556390977443609,0.5342960288808665,0.25
design_hour4_above_base,2026-09-16,288,291,146,121,121,84,62,37,393,0.5753424657534246,0.6942148760330579,0.6292134831460674,0.2534722222222222
design_hour4_above_base,2026-09-17,288,291,148,132,132,62,86,70,358,0.4189189189189189,0.4696969696969697,0.44285714285714284,0.2569444444444444
design_hour4_above_base,2026-09-18,288,283,139,92,92,49,90,43,394,0.35251798561151076,0.532608695652174,0.42424242424242425,0.24131944444444445
design_hour4_above_base,2026-09-19,274,256,141,89,89,57,84,32,375,0.40425531914893614,0.6404494382022472,0.4956521739130435,0.2572992700729927
design_hour4_above_base,2026-09-20,288,287,146,121,121,62,84,59,371,0.4246575342465753,0.512396694214876,0.46441947565543074,0.2534722222222222
design_hour4_above_base,2026-09-21,288,285,140,118,118,58,82,60,376,0.4142857142857143,0.4915254237288136,0.4496124031007752,0.24305555555555555
design_hour4_above_base,2026-09-22,288,287,145,141,141,76,69,65,366,0.5241379310344828,0.5390070921985816,0.5314685314685315,0.2517361111111111
design_hour4_above_base,2026-09-23,288,283,140,111,111,72,68,39,397,0.5142857142857142,0.6486486486486487,0.5737051792828686,0.24305555555555555
design_hour4_above_base,2026-09-24,288,286,142,98,98,66,76,32,402,0.4647887323943662,0.673469387755102,0.55,0.2465277777777778
design_hour4_above_base,2026-09-25,288,290,145,89,89,57,88,32,399,0.3931034482758621,0.6404494382022472,0.48717948717948717,0.2517361111111111
design_hour4_above_base,2026-09-26,288,283,140,59,59,33,107,26,410,0.2357142857142857,0.559322033898305,0.3316582914572864,0.24305555555555555
design_hour4_above_base,2026-09-27,288,287,144,45,45,15,129,30,402,0.10416666666666667,0.3333333333333333,0.15873015873015872,0.25
design_hour4_above_base,2026-09-28,288,279,141,42,42,24,117,18,417,0.1702127659574468,0.5714285714285714,0.26229508196721313,0.24479166666666666
design_hour4_above_base,2026-09-29,288,295,148,55,55,35,113,20,408,0.23648648648648649,0.6363636363636364,0.3448275862068966,0.2569444444444444
design_hour4_above_base,2026-09-30,288,284,143,74,74,43,100,31,402,0.3006993006993007,0.581081081081081,0.39631336405529954,0.2482638888888889
design_hour4_above_base,2026-10-01,155,154,95,35,35,28,67,7,208,0.29473684210526313,0.8,0.4307692307692308,0.3064516129032258
design_weekday_above_base,2026-09-10,288,287,287,227,227,227,60,0,289,0.7909407665505227,1.0,0.8832684824902723,0.4982638888888889
design_weekday_above_base,2026-09-11,287,286,0,170,170,0,0,170,404,,0.0,0.0,0.0
design_weekday_above_base,2026-09-12,288,293,0,97,97,0,0,97,479,,0.0,0.0,0.0
design_weekday_above_base,2026-09-13,288,292,0,94,94,0,0,94,482,,0.0,0.0,0.0
design_weekday_above_base,2026-09-14,288,292,292,156,156,156,136,0,284,0.5342465753424658,1.0,0.6964285714285714,0.5069444444444444
design_weekday_above_base,2026-09-15,288,290,290,133,133,133,157,0,286,0.4586206896551724,1.0,0.6288416075650118,0.5034722222222222
design_weekday_above_base,2026-09-16,288,291,0,121,121,0,0,121,455,,0.0,0.0,0.0
design_weekday_above_base,2026-09-17,288,291,291,132,132,131,160,1,284,0.45017182130584193,0.9924242424242424,0.6193853427895981,0.5052083333333334
design_weekday_above_base,2026-09-18,288,283,0,92,92,0,0,92,484,,0.0,0.0,0.0
design_weekday_above_base,2026-09-19,274,256,0,89,89,0,0,89,459,,0.0,0.0,0.0
design_weekday_above_base,2026-09-20,288,287,0,121,121,0,0,121,455,,0.0,0.0,0.0
design_weekday_above_base,2026-09-21,288,285,285,118,118,112,173,6,285,0.3929824561403509,0.9491525423728814,0.5558312655086849,0.4947916666666667
design_weekday_above_base,2026-09-22,288,287,287,141,141,136,151,5,284,0.4738675958188153,0.9645390070921985,0.6355140186915887,0.4982638888888889
design_weekday_above_base,2026-09-23,288,283,0,111,111,0,0,111,465,,0.0,0.0,0.0
design_weekday_above_base,2026-09-24,288,286,286,98,98,95,191,3,287,0.3321678321678322,0.9693877551020408,0.4947916666666667,0.4965277777777778
design_weekday_above_base,2026-09-25,288,290,0,89,89,0,0,89,487,,0.0,0.0,0.0
design_weekday_above_base,2026-09-26,288,283,0,59,59,0,0,59,517,,0.0,0.0,0.0
design_weekday_above_base,2026-09-27,288,287,0,45,45,0,0,45,531,,0.0,0.0,0.0
design_weekday_above_base,2026-09-28,288,279,279,42,42,36,243,6,291,0.12903225806451613,0.8571428571428571,0.22429906542056074,0.484375
design_weekday_above_base,2026-09-29,288,295,295,55,55,54,241,1,280,0.18305084745762712,0.9818181818181818,0.30857142857142855,0.5121527777777778
design_weekday_above_base,2026-09-30,288,284,0,74,74,0,0,74,502,,0.0,0.0,0.0
design_weekday_above_base,2026-10-01,155,154,154,35,35,34,120,1,155,0.22077922077922077,0.9714285714285714,0.35978835978835977,0.4967741935483871
prior15m_and_design_hour4,2026-09-10,288,287,143,227,227,116,27,111,322,0.8111888111888111,0.5110132158590308,0.6270270270270271,0.2482638888888889
prior15m_and_design_hour4,2026-09-11,287,286,147,170,170,102,45,68,359,0.6938775510204082,0.6,0.6435331230283912,0.25609756097560976
prior15m_and_design_hour4,2026-09-12,288,293,144,97,97,56,88,41,391,0.3888888888888889,0.5773195876288659,0.46473029045643155,0.25
prior15m_and_design_hour4,2026-09-13,288,292,145,94,94,47,98,47,384,0.32413793103448274,0.5,0.39330543933054396,0.2517361111111111
prior15m_and_design_hour4,2026-09-14,288,292,145,156,156,85,60,71,360,0.5862068965517241,0.5448717948717948,0.5647840531561462,0.2517361111111111
prior15m_and_design_hour4,2026-09-15,288,290,144,133,133,74,70,59,373,0.5138888888888888,0.556390977443609,0.5342960288808665,0.25
prior15m_and_design_hour4,2026-09-16,288,291,143,121,121,84,59,37,396,0.5874125874125874,0.6942148760330579,0.6363636363636364,0.2482638888888889
prior15m_and_design_hour4,2026-09-17,288,291,148,132,132,62,86,70,358,0.4189189189189189,0.4696969696969697,0.44285714285714284,0.2569444444444444
prior15m_and_design_hour4,2026-09-18,288,283,136,92,92,49,87,43,397,0.3602941176470588,0.532608695652174,0.4298245614035088,0.2361111111111111
prior15m_and_design_hour4,2026-09-19,274,256,139,89,89,56,83,33,376,0.4028776978417266,0.6292134831460674,0.49122807017543857,0.25364963503649635
prior15m_and_design_hour4,2026-09-20,288,287,141,121,121,60,81,61,374,0.425531914893617,0.49586776859504134,0.4580152671755725,0.24479166666666666
prior15m_and_design_hour4,2026-09-21,288,285,138,118,118,58,80,60,378,0.42028985507246375,0.4915254237288136,0.453125,0.23958333333333334
prior15m_and_design_hour4,2026-09-22,288,287,142,141,141,75,67,66,368,0.528169014084507,0.5319148936170213,0.5300353356890459,0.2465277777777778
prior15m_and_design_hour4,2026-09-23,288,283,139,111,111,72,67,39,398,0.5179856115107914,0.6486486486486487,0.576,0.24131944444444445
prior15m_and_design_hour4,2026-09-24,288,286,139,98,98,66,73,32,405,0.4748201438848921,0.673469387755102,0.5569620253164557,0.24131944444444445
prior15m_and_design_hour4,2026-09-25,288,290,137,89,89,55,82,34,405,0.40145985401459855,0.6179775280898876,0.48672566371681414,0.2378472222222222
prior15m_and_design_hour4,2026-09-26,288,283,135,59,59,31,104,28,413,0.22962962962962963,0.5254237288135594,0.31958762886597936,0.234375
prior15m_and_design_hour4,2026-09-27,288,287,123,45,45,10,113,35,418,0.08130081300813008,0.2222222222222222,0.11904761904761904,0.21354166666666666
prior15m_and_design_hour4,2026-09-28,288,279,111,42,42,21,90,21,444,0.1891891891891892,0.5,0.27450980392156865,0.19270833333333334
prior15m_and_design_hour4,2026-09-29,288,295,135,55,55,32,103,23,418,0.23703703703703705,0.5818181818181818,0.3368421052631579,0.234375
prior15m_and_design_hour4,2026-09-30,288,284,137,74,74,42,95,32,407,0.30656934306569344,0.5675675675675675,0.3981042654028436,0.2378472222222222
prior15m_and_design_hour4,2026-10-01,155,154,90,35,35,28,62,7,213,0.3111111111111111,0.8,0.448,0.2903225806451613
prior60m_and_design_hour4,2026-09-10,288,287,144,227,227,117,27,110,322,0.8125,0.5154185022026432,0.6307277628032345,0.25
prior60m_and_design_hour4,2026-09-11,287,286,147,170,170,102,45,68,359,0.6938775510204082,0.6,0.6435331230283912,0.25609756097560976
prior60m_and_design_hour4,2026-09-12,288,293,144,97,97,56,88,41,391,0.3888888888888889,0.5773195876288659,0.46473029045643155,0.25
prior60m_and_design_hour4,2026-09-13,288,292,145,94,94,47,98,47,384,0.32413793103448274,0.5,0.39330543933054396,0.2517361111111111
prior60m_and_design_hour4,2026-09-14,288,292,145,156,156,85,60,71,360,0.5862068965517241,0.5448717948717948,0.5647840531561462,0.2517361111111111
prior60m_and_design_hour4,2026-09-15,288,290,144,133,133,74,70,59,373,0.5138888888888888,0.556390977443609,0.5342960288808665,0.25
prior60m_and_design_hour4,2026-09-16,288,291,146,121,121,84,62,37,393,0.5753424657534246,0.6942148760330579,0.6292134831460674,0.2534722222222222
prior60m_and_design_hour4,2026-09-17,288,291,148,132,132,62,86,70,358,0.4189189189189189,0.4696969696969697,0.44285714285714284,0.2569444444444444
prior60m_and_design_hour4,2026-09-18,288,283,139,92,92,49,90,43,394,0.35251798561151076,0.532608695652174,0.42424242424242425,0.24131944444444445
prior60m_and_design_hour4,2026-09-19,274,256,141,89,89,57,84,32,375,0.40425531914893614,0.6404494382022472,0.4956521739130435,0.2572992700729927
prior60m_and_design_hour4,2026-09-20,288,287,146,121,121,62,84,59,371,0.4246575342465753,0.512396694214876,0.46441947565543074,0.2534722222222222
prior60m_and_design_hour4,2026-09-21,288,285,140,118,118,58,82,60,376,0.4142857142857143,0.4915254237288136,0.4496124031007752,0.24305555555555555
prior60m_and_design_hour4,2026-09-22,288,287,145,141,141,76,69,65,366,0.5241379310344828,0.5390070921985816,0.5314685314685315,0.2517361111111111
prior60m_and_design_hour4,2026-09-23,288,283,140,111,111,72,68,39,397,0.5142857142857142,0.6486486486486487,0.5737051792828686,0.24305555555555555
prior60m_and_design_hour4,2026-09-24,288,286,142,98,98,66,76,32,402,0.4647887323943662,0.673469387755102,0.55,0.2465277777777778
prior60m_and_design_hour4,2026-09-25,288,290,145,89,89,57,88,32,399,0.3931034482758621,0.6404494382022472,0.48717948717948717,0.2517361111111111
prior60m_and_design_hour4,2026-09-26,288,283,140,59,59,33,107,26,410,0.2357142857142857,0.559322033898305,0.3316582914572864,0.24305555555555555
prior60m_and_design_hour4,2026-09-27,288,287,144,45,45,15,129,30,402,0.10416666666666667,0.3333333333333333,0.15873015873015872,0.25
prior60m_and_design_hour4,2026-09-28,288,279,139,42,42,24,115,18,419,0.17266187050359713,0.5714285714285714,0.26519337016574585,0.24131944444444445
prior60m_and_design_hour4,2026-09-29,288,295,148,55,55,35,113,20,408,0.23648648648648649,0.6363636363636364,0.3448275862068966,0.2569444444444444
prior60m_and_design_hour4,2026-09-30,288,284,143,74,74,43,100,31,402,0.3006993006993007,0.581081081081081,0.39631336405529954,0.2482638888888889
prior60m_and_design_hour4,2026-10-01,155,154,95,35,35,28,67,7,208,0.29473684210526313,0.8,0.4307692307692308,0.3064516129032258
