files,raw_rows,duplicate_uid_rows,mk,cs,intents,error
1,177910,0,btc_5m,1787249100000,2,
1,119192,0,btc_5m,1787252400000,1,
1,173193,0,btc_5m,1787074500000,2,
1,207196,0,btc_5m,1787103600000,1,
1,182200,0,btc_5m,1787281800000,1,
1,282073,0,btc_5m,1787282400000,1,
1,204312,0,btc_5m,1787170800000,1,
1,260704,0,btc_5m,1787172600000,2,
1,244242,0,btc_5m,1787157600000,1,
1,317480,0,btc_5m,1787158800000,1,
1,200922,0,btc_5m,1787142900000,1,
1,214114,0,btc_5m,1787145000000,1,
1,268894,0,btc_5m,1787254800000,1,
1,186281,0,btc_5m,1787256900000,1,
1,192050,0,btc_5m,1787260500000,2,
1,218608,0,btc_5m,1787263500000,1,
1,307866,0,btc_5m,1787311500000,1,
1,234500,0,btc_5m,1787311800000,2,
1,350126,0,btc_5m,1787270400000,2,
1,143044,0,btc_5m,1787271000000,1,
1,276778,0,btc_5m,1787195400000,1,
1,233986,0,btc_5m,1787197500000,1,
1,246979,0,btc_5m,1787241900000,1,
1,312716,0,btc_5m,1787243400000,1,
1,343090,0,btc_5m,1787151300000,2,
1,174466,0,btc_5m,1787151900000,2,
1,239088,0,btc_5m,1787187000000,1,
1,288024,0,btc_5m,1787190600000,1,
1,380018,0,btc_5m,1787268600000,1,
1,224844,0,btc_5m,1787268900000,2,
1,242396,0,btc_5m,1787265000000,2,
1,280716,0,btc_5m,1787268300000,2,
1,184320,0,btc_5m,1787299200000,1,
1,351664,0,btc_5m,1787299500000,1,
1,316434,0,btc_5m,1787308800000,1,
1,259912,0,btc_5m,1787310000000,1,
1,255528,0,btc_5m,1787257500000,1,
1,297722,0,btc_5m,1787259600000,1,
1,148734,0,btc_5m,1787230200000,1,
1,261447,0,btc_5m,1787230800000,2,
1,200272,0,btc_5m,1787238000000,2,
1,262788,0,btc_5m,1787238300000,2,
1,208608,0,btc_5m,1787307000000,2,
1,409682,0,btc_5m,1787307300000,2,
1,373334,0,btc_5m,1787191800000,1,
1,171370,0,btc_5m,1787193300000,1,
1,169142,0,btc_5m,1787246700000,1,
1,216956,0,btc_5m,1787248200000,1,
1,317959,0,btc_5m,1787218200000,2,
1,292089,0,btc_5m,1787218800000,2,
1,255462,0,btc_5m,1787225400000,2,
1,462328,0,btc_5m,1787225700000,1,
1,365796,0,btc_5m,1787231100000,1,
1,214688,0,btc_5m,1787231400000,1,
1,329690,0,btc_5m,1787176500000,1,
1,313561,0,btc_5m,1787176800000,1,
1,325264,0,btc_5m,1787310300000,2,
1,281078,0,btc_5m,1787310600000,1,
1,373670,0,btc_5m,1787296800000,2,
1,422160,0,btc_5m,1787297100000,1,
1,366220,0,btc_5m,1787155500000,2,
1,261096,0,btc_5m,1787155800000,1,
1,295024,0,btc_5m,1787209800000,1,
1,429644,0,btc_5m,1787211600000,1,
1,284442,0,btc_5m,1787035200000,1,
1,278380,0,btc_5m,1787040000000,1,
1,278366,0,btc_5m,1787277600000,2,
1,193078,0,btc_5m,1787278200000,2,
1,376584,0,btc_5m,1787221200000,1,
1,226074,0,btc_5m,1787221500000,1,
1,272346,0,btc_5m,1787213400000,2,
1,482100,0,btc_5m,1787213700000,2,
1,301064,0,btc_5m,1787228100000,1,
1,378662,0,btc_5m,1787228400000,1,
1,253712,0,btc_5m,1787223600000,1,
1,327258,0,btc_5m,1787224800000,1,
1,189718,0,btc_5m,1787288700000,2,
1,319808,0,btc_5m,1787289300000,2,
1,298994,0,btc_5m,1787208000000,1,
1,287544,0,btc_5m,1787208300000,2,
1,339471,0,btc_5m,1787175900000,2,
1,367239,0,btc_5m,1787176200000,2,
1,313664,0,btc_5m,1787146200000,2,
1,267953,0,btc_5m,1787146500000,1,
1,296945,0,btc_5m,1787302800000,2,
1,558092,0,btc_5m,1787303100000,2,
1,236450,0,btc_5m,1787280300000,2,
1,369572,0,btc_5m,1787280900000,1,
1,319862,0,btc_5m,1787216700000,2,
1,394144,0,btc_5m,1787217000000,2,
1,380368,0,btc_5m,1787220300000,1,
1,306896,0,btc_5m,1787220900000,2,
1,377486,0,btc_5m,1787295900000,2,
1,296586,0,btc_5m,1787296500000,2,
1,325654,0,btc_5m,1787169600000,1,
1,313730,0,btc_5m,1787170200000,1,
1,298856,0,btc_5m,1787298600000,1,
1,385120,0,btc_5m,1787298900000,1,
1,365612,0,btc_5m,1787300400000,2,
1,444348,0,btc_5m,1787300700000,2,
1,370285,0,btc_5m,1787302200000,2,
1,356210,0,btc_5m,1787302500000,2,
1,271404,0,btc_5m,1787215500000,2,
1,439231,0,btc_5m,1787215800000,2,
1,318098,0,btc_5m,1787278500000,2,
1,361584,0,btc_5m,1787278800000,1,
1,314970,0,btc_5m,1787214000000,1,
1,375682,0,btc_5m,1787214300000,2,
1,397598,0,btc_5m,1787289600000,2,
1,255390,0,btc_5m,1787289900000,1,
1,315810,0,btc_5m,1787233800000,2,
1,413096,0,btc_5m,1787234400000,2,
1,260948,0,btc_5m,1787152800000,1,
1,329522,0,btc_5m,1787153100000,2,
1,323966,0,btc_5m,1787233200000,2,
1,365537,0,btc_5m,1787233500000,2,
1,228612,0,btc_5m,1787284800000,1,
1,415912,0,btc_5m,1787285400000,1,
1,423056,0,btc_5m,1787232000000,1,
1,249839,0,btc_5m,1787232300000,2,
1,329452,0,btc_5m,1787156100000,2,
1,335454,0,btc_5m,1787157000000,1,
1,388162,0,btc_5m,1787175000000,2,
1,301992,0,btc_5m,1787175600000,2,
1,241770,0,btc_5m,1787244000000,1,
1,446282,0,btc_5m,1787244300000,1,
1,427646,0,btc_5m,1787214600000,2,
1,382172,0,btc_5m,1787215200000,1,
1,295358,0,btc_5m,1787307600000,2,
1,313580,0,btc_5m,1787307900000,2,
1,384209,0,btc_5m,1787245200000,1,
1,154900,0,btc_5m,1787245500000,1,
1,304661,0,btc_5m,1787221800000,2,
1,373876,0,btc_5m,1787222100000,2,
1,348084,0,btc_5m,1787279400000,2,
1,362462,0,btc_5m,1787279700000,1,
1,482206,0,btc_5m,1787274300000,1,
1,310470,0,btc_5m,1787274900000,2,
1,418148,0,btc_5m,1787272800000,2,
1,349630,0,btc_5m,1787273100000,2,
1,313932,0,btc_5m,1787294100000,2,
1,330242,0,btc_5m,1787295600000,1,
1,343464,0,btc_5m,1787160900000,2,
1,340726,0,btc_5m,1787162100000,1,
1,374200,0,btc_5m,1787239200000,1,
1,318140,0,btc_5m,1787240100000,2,
1,404096,0,btc_5m,1787193900000,2,
1,337752,0,btc_5m,1787194200000,1,
1,289656,0,btc_5m,1787216100000,2,
1,453246,0,btc_5m,1787216400000,1,
1,420228,0,btc_5m,1787310900000,1,
1,281262,0,btc_5m,1787311200000,2,
1,393264,0,btc_5m,1787178000000,1,
1,274983,0,btc_5m,1787178900000,1,
1,444518,0,btc_5m,1787184300000,1,
1,334196,0,btc_5m,1787185800000,1,
1,283040,0,btc_5m,1787173800000,2,
1,506718,0,btc_5m,1787174100000,2,
1,317900,0,btc_5m,1787238600000,2,
1,473584,0,btc_5m,1787238900000,2,
1,468382,0,btc_5m,1787226000000,1,
1,295776,0,btc_5m,1787226600000,1,
1,401916,0,btc_5m,1787305800000,2,
1,315120,0,btc_5m,1787306100000,2,
1,353005,0,btc_5m,1787287800000,2,
1,253656,0,btc_5m,1787288400000,1,
1,259958,0,btc_5m,1787240700000,1,
1,313066,0,btc_5m,1787241000000,2,
1,444616,0,btc_5m,1787159400000,1,
1,355412,0,btc_5m,1787160300000,1,
1,254498,0,btc_5m,1787222700000,1,
1,383938,0,btc_5m,1787223000000,1,
1,402460,0,btc_5m,1787153400000,2,
1,523176,0,btc_5m,1787153700000,2,
1,541960,0,btc_5m,1787277000000,2,
1,275642,0,btc_5m,1787277300000,2,
1,417216,0,btc_5m,1787217300000,2,
1,490960,0,btc_5m,1787217600000,2,
1,363646,0,btc_5m,1787299800000,1,
1,413620,0,btc_5m,1787300100000,2,
1,462122,0,btc_5m,1787180400000,1,
1,317242,0,btc_5m,1787181300000,1,
1,349770,0,btc_5m,1787298000000,1,
1,386868,0,btc_5m,1787298300000,1,
1,319994,0,btc_5m,1787269200000,1,
1,444160,0,btc_5m,1787269500000,1,
1,494980,0,btc_5m,1787303400000,2,
1,490376,0,btc_5m,1787303700000,2,
1,251420,0,btc_5m,1787313900000,2,
1,260188,0,btc_5m,1787314500000,2,
1,256234,0,btc_5m,1787232600000,2,
1,374346,0,btc_5m,1787232900000,2,
1,371806,0,btc_5m,1787291700000,2,
1,456926,0,btc_5m,1787292300000,1,
1,395114,0,btc_5m,1787219100000,1,
1,402982,0,btc_5m,1787220000000,2,
1,206020,0,btc_5m,1787174400000,2,
1,343168,0,btc_5m,1787174700000,2,
1,317505,0,btc_5m,1787275200000,2,
1,355276,0,btc_5m,1787275500000,2,
1,543906,0,btc_5m,1787172900000,1,
1,286360,0,btc_5m,1787173500000,2,
1,446412,0,btc_5m,1787301600000,2,
1,424936,0,btc_5m,1787301900000,2,
1,460454,0,btc_5m,1787306400000,2,
1,531190,0,btc_5m,1787306700000,2,
1,417441,0,btc_5m,1787147100000,2,
1,270562,0,btc_5m,1787148300000,2,
1,508068,0,btc_5m,1787154600000,2,
1,450386,0,btc_5m,1787155200000,2,
1,393233,0,btc_5m,1787283000000,1,
1,412100,0,btc_5m,1787284200000,1,
1,465397,0,btc_5m,1787162400000,1,
1,362252,0,btc_5m,1787167200000,1,
1,387014,0,btc_5m,1787235900000,1,
1,403296,0,btc_5m,1787236500000,1,
1,379261,0,btc_5m,1787305200000,2,
1,558636,0,btc_5m,1787305500000,2,
1,216008,0,btc_5m,1787315700000,2,
1,297314,0,btc_5m,1787316000000,2,
1,376103,0,btc_5m,1787290800000,1,
1,284116,0,btc_5m,1787291400000,1,
1,338224,0,btc_5m,1787271300000,2,
1,533928,0,btc_5m,1787271600000,2,
1,237784,0,btc_5m,1787318700000,2,
1,341642,0,btc_5m,1787319000000,2,
1,374160,0,btc_5m,1787229000000,2,
1,462521,0,btc_5m,1787229300000,2,
1,665632,0,btc_5m,1787154000000,2,
1,484186,0,btc_5m,1787154300000,2,
1,350020,0,btc_5m,1787301000000,2,
1,618449,0,btc_5m,1787301300000,1,
1,663858,0,btc_5m,1787304000000,2,
1,558295,0,btc_5m,1787304300000,2,
1,215254,0,btc_5m,1787338200000,1,
1,209690,0,btc_5m,1787338500000,2,
1,195102,0,btc_5m,1787337300000,1,
1,238438,0,btc_5m,1787337900000,2,
1,275597,0,btc_5m,1787312100000,2,
1,347400,0,btc_5m,1787312400000,2,
1,358056,0,btc_5m,1787276400000,1,
1,371874,0,btc_5m,1787276700000,2,
1,451386,0,btc_5m,1787152200000,1,
1,598438,0,btc_5m,1787152500000,2,
1,490300,0,btc_5m,1787297400000,2,
1,439492,0,btc_5m,1787297700000,1,
1,244234,0,btc_5m,1787336100000,2,
1,225158,0,btc_5m,1787336400000,1,
1,565936,0,btc_5m,1787271900000,2,
1,354818,0,btc_5m,1787272200000,2,
1,378354,0,btc_5m,1787312700000,2,
1,279428,0,btc_5m,1787313000000,2,
1,287504,0,btc_5m,1787317800000,1,
1,265442,0,btc_5m,1787318100000,2,
1,194018,0,btc_5m,1787343000000,2,
1,291410,0,btc_5m,1787344200000,1,
1,291522,0,btc_5m,1787348100000,2,
1,271224,0,btc_5m,1787348400000,2,
1,161076,0,btc_5m,1787368200000,1,
1,218662,0,btc_5m,1787369100000,1,
1,239978,0,btc_5m,1787370000000,1,
1,182616,0,btc_5m,1787370900000,2,
1,401516,0,btc_5m,1787315100000,1,
1,378480,0,btc_5m,1787315400000,1,
1,231024,0,btc_5m,1787339400000,2,
1,280368,0,btc_5m,1787341200000,1,
1,206548,0,btc_5m,1787346600000,2,
1,346366,0,btc_5m,1787347200000,1,
1,238904,0,btc_5m,1787323500000,2,
1,425916,0,btc_5m,1787323800000,2,
1,461336,0,btc_5m,1787322000000,2,
1,337868,0,btc_5m,1787322300000,2,
1,187186,0,btc_5m,1787333100000,1,
1,330314,0,btc_5m,1787333400000,1,
1,219732,0,btc_5m,1787354100000,2,
1,207853,0,btc_5m,1787354700000,1,
1,228704,0,btc_5m,1787371200000,1,
1,228404,0,btc_5m,1787372100000,1,
1,317774,0,btc_5m,1787333700000,1,
1,260970,0,btc_5m,1787334000000,1,
1,371206,0,btc_5m,1787351100000,1,
1,232608,0,btc_5m,1787351400000,2,
1,208798,0,btc_5m,1787345100000,1,
1,238346,0,btc_5m,1787345400000,2,
1,377514,0,btc_5m,1787316300000,2,
1,325600,0,btc_5m,1787317500000,1,
1,678337,0,btc_5m,1787275800000,2,
1,352920,0,btc_5m,1787276100000,1,
1,292828,0,btc_5m,1787313300000,1,
1,539452,0,btc_5m,1787313600000,2,
1,289517,0,btc_5m,1787332500000,2,
1,208400,0,btc_5m,1787332800000,1,
1,368600,0,btc_5m,1787329800000,2,
1,297314,0,btc_5m,1787330700000,1,
1,160314,0,btc_5m,1787391900000,1,
1,323115,0,btc_5m,1787392200000,1,
1,171816,0,btc_5m,1787372400000,1,
1,291930,0,btc_5m,1787373000000,1,
1,315874,0,btc_5m,1787328600000,1,
1,215144,0,btc_5m,1787328900000,2,
1,306766,0,btc_5m,1787344500000,1,
1,197748,0,btc_5m,1787344800000,1,
1,241419,0,btc_5m,1787373900000,2,
1,267472,0,btc_5m,1787374800000,1,
1,585864,0,btc_5m,1787319300000,2,
1,289096,0,btc_5m,1787319600000,2,
1,191564,0,btc_5m,1787480400000,1,
1,212184,0,btc_5m,1787484000000,2,
1,257240,0,btc_5m,1787465100000,1,
1,199146,0,btc_5m,1787466600000,2,
1,192292,0,btc_5m,1787396700000,1,
1,239310,0,btc_5m,1787397900000,1,
1,294348,0,btc_5m,1787361600000,1,
1,320614,0,btc_5m,1787362500000,1,
1,254380,0,btc_5m,1787486700000,1,
1,197254,0,btc_5m,1787487000000,1,
1,419172,0,btc_5m,1787364000000,1,
1,196988,0,btc_5m,1787364900000,1,
1,198210,0,btc_5m,1787399700000,1,
1,315614,0,btc_5m,1787409000000,1,
1,188414,0,btc_5m,1787420400000,1,
1,191965,0,btc_5m,1787425200000,1,
1,408824,0,btc_5m,1787304600000,2,
1,531634,0,btc_5m,1787304900000,2,
1,279431,0,btc_5m,1787520300000,1,
1,192768,0,btc_5m,1787520900000,2,
1,185690,0,btc_5m,1787416500000,2,
1,294818,0,btc_5m,1787416800000,1,
1,204618,0,btc_5m,1787365500000,1,
1,234918,0,btc_5m,1787366700000,1,
1,242814,0,btc_5m,1787375100000,1,
1,284234,0,btc_5m,1787375400000,2,
1,136556,0,btc_5m,1787508600000,1,
1,231020,0,btc_5m,1787511600000,2,
1,252248,0,btc_5m,1787367000000,1,
1,337708,0,btc_5m,1787367300000,1,
1,410934,0,btc_5m,1787322900000,1,
1,410754,0,btc_5m,1787323200000,1,
1,428910,0,btc_5m,1787326200000,1,
1,412742,0,btc_5m,1787327400000,1,
1,341372,0,btc_5m,1787351700000,1,
1,279566,0,btc_5m,1787352300000,2,
1,255824,0,btc_5m,1787360700000,1,
1,222524,0,btc_5m,1787361000000,1,
1,316896,0,btc_5m,1787349300000,1,
1,362630,0,btc_5m,1787349600000,2,
1,368098,0,btc_5m,1787321100000,2,
1,421138,0,btc_5m,1787321400000,2,
1,237306,0,btc_5m,1787438700000,1,
1,256948,0,btc_5m,1787445900000,1,
1,189716,0,btc_5m,1787436300000,2,
1,244680,0,btc_5m,1787437500000,1,
1,580392,0,btc_5m,1787320500000,2,
1,289768,0,btc_5m,1787320800000,2,
1,277358,0,btc_5m,1787477700000,1,
1,236256,0,btc_5m,1787479500000,1,
1,372736,0,btc_5m,1787348700000,1,
1,327610,0,btc_5m,1787349000000,2,
1,348972,0,btc_5m,1787331600000,1,
1,281782,0,btc_5m,1787331900000,2,
1,266230,0,btc_5m,1787385600000,1,
1,266462,0,btc_5m,1787387400000,2,
1,252212,0,btc_5m,1787398200000,1,
1,252612,0,btc_5m,1787398500000,1,
1,386179,0,btc_5m,1787342400000,2,
1,286508,0,btc_5m,1787342700000,2,
1,353280,0,btc_5m,1787378700000,1,
1,309448,0,btc_5m,1787379300000,1,
1,404262,0,btc_5m,1787325600000,1,
1,432156,0,btc_5m,1787325900000,1,
1,163664,0,btc_5m,1787529300000,1,
1,220962,0,btc_5m,1787530800000,1,
1,237903,0,btc_5m,1787431200000,1,
1,307348,0,btc_5m,1787436000000,1,
1,341944,0,btc_5m,1787462100000,2,
1,378574,0,btc_5m,1787462400000,2,
1,307916,0,btc_5m,1787356500000,1,
1,294878,0,btc_5m,1787356800000,2,
1,264270,0,btc_5m,1787377500000,1,
1,405106,0,btc_5m,1787377800000,1,
1,182992,0,btc_5m,1787527800000,1,
1,265820,0,btc_5m,1787529000000,1,
1,279202,0,btc_5m,1787360100000,1,
1,366214,0,btc_5m,1787360400000,1,
1,440652,0,btc_5m,1787324400000,1,
1,478718,0,btc_5m,1787324700000,1,
1,264066,0,btc_5m,1787491200000,1,
1,329820,0,btc_5m,1787491500000,1,
1,188254,0,btc_5m,1787493900000,1,
1,258422,0,btc_5m,1787496000000,1,
1,256300,0,btc_5m,1787382600000,1,
1,264446,0,btc_5m,1787382900000,1,
1,237252,0,btc_5m,1787357100000,2,
1,355035,0,btc_5m,1787359500000,2,
1,431772,0,btc_5m,1787328000000,2,
1,331832,0,btc_5m,1787328300000,2,
1,220650,0,btc_5m,1787546700000,1,
1,278430,0,btc_5m,1787547300000,1,
1,274030,0,btc_5m,1787549700000,1,
1,179322,0,btc_5m,1787553900000,1,
1,296862,0,btc_5m,1787548800000,1,
1,167894,0,btc_5m,1787549400000,1,
1,322264,0,btc_5m,1787376300000,2,
1,451132,0,btc_5m,1787376600000,2,
1,237268,0,btc_5m,1787535300000,1,
1,277687,0,btc_5m,1787536200000,1,
1,219734,0,btc_5m,1787417100000,1,
1,306594,0,btc_5m,1787418300000,2,
1,368644,0,btc_5m,1787491800000,1,
1,269122,0,btc_5m,1787493000000,1,
1,227884,0,btc_5m,1787380200000,1,
1,344768,0,btc_5m,1787381400000,1,
1,221938,0,btc_5m,1787472900000,1,
1,302024,0,btc_5m,1787474400000,2,
1,419832,0,btc_5m,1787376900000,2,
1,337806,0,btc_5m,1787377200000,2,
1,440064,0,btc_5m,1787347500000,2,
1,358830,0,btc_5m,1787347800000,2,
1,215268,0,btc_5m,1787460300000,2,
1,401910,0,btc_5m,1787461200000,2,
1,202286,0,btc_5m,1787506800000,1,
1,256710,0,btc_5m,1787508300000,1,
1,320330,0,btc_5m,1787463600000,1,
1,346402,0,btc_5m,1787464800000,2,
1,333766,0,btc_5m,1787468400000,1,
1,168052,0,btc_5m,1787469600000,1,
1,338408,0,btc_5m,1787409600000,2,
1,331292,0,btc_5m,1787412300000,1,
1,189160,0,btc_5m,1787536500000,2,
1,365374,0,btc_5m,1787536800000,1,
1,252586,0,btc_5m,1787461500000,1,
1,327640,0,btc_5m,1787461800000,1,
1,413088,0,btc_5m,1787393700000,1,
1,335362,0,btc_5m,1787394300000,1,
1,401666,0,btc_5m,1787463000000,1,
1,327934,0,btc_5m,1787463300000,1,
1,403074,0,btc_5m,1787496300000,1,
1,393196,0,btc_5m,1787497200000,1,
1,193158,0,btc_5m,1787568300000,1,
1,225904,0,btc_5m,1787569200000,1,
1,311534,0,btc_5m,1787558400000,1,
1,248602,0,btc_5m,1787559900000,1,
1,245210,0,btc_5m,1787531100000,1,
1,260392,0,btc_5m,1787532900000,1,
1,224640,0,btc_5m,1787537400000,1,
1,310050,0,btc_5m,1787544300000,1,
1,540650,0,btc_5m,1787319900000,2,
1,620511,0,btc_5m,1787320200000,2,
1,383476,0,btc_5m,1787350500000,2,
1,470681,0,btc_5m,1787350800000,2,
1,234504,0,btc_5m,1787589600000,2,
1,233130,0,btc_5m,1787590200000,1,
1,329222,0,btc_5m,1787378100000,2,
1,339174,0,btc_5m,1787378400000,2,
1,305720,0,btc_5m,1787566500000,1,
1,219932,0,btc_5m,1787566800000,1,
1,414114,0,btc_5m,1787572200000,1,
1,274450,0,btc_5m,1787574300000,1,
1,302152,0,btc_5m,1787570400000,2,
1,259834,0,btc_5m,1787571300000,2,
1,202398,0,btc_5m,1787601600000,2,
1,215996,0,btc_5m,1787603700000,1,
1,303160,0,btc_5m,1787472000000,1,
1,355492,0,btc_5m,1787472600000,1,
1,409790,0,btc_5m,1787375700000,2,
1,518112,0,btc_5m,1787376000000,2,
1,309977,0,btc_5m,1787349900000,2,
1,560284,0,btc_5m,1787350200000,2,
1,376206,0,btc_5m,1787574600000,2,
1,258878,0,btc_5m,1787574900000,1,
1,307246,0,btc_5m,1787594700000,2,
1,150962,0,btc_5m,1787596800000,1,
1,215388,0,btc_5m,1787606400000,1,
1,215264,0,btc_5m,1787607000000,1,
1,388734,0,btc_5m,1787577000000,2,
1,219416,0,btc_5m,1787577300000,2,
1,380164,0,btc_5m,1787576400000,1,
1,338816,0,btc_5m,1787576700000,2,
1,341132,0,btc_5m,1787586900000,2,
1,318352,0,btc_5m,1787587200000,2,
1,337484,0,btc_5m,1787571600000,2,
1,269926,0,btc_5m,1787571900000,1,
1,301694,0,btc_5m,1787598300000,2,
1,278646,0,btc_5m,1787598600000,1,
1,197728,0,btc_5m,1787646300000,1,
1,215018,0,btc_5m,1787647500000,1,
1,275212,0,btc_5m,1787521200000,1,
1,420474,0,btc_5m,1787522400000,2,
1,175424,0,btc_5m,1787598900000,1,
1,201538,0,btc_5m,1787601000000,1,
1,160978,0,btc_5m,1787707800000,1,
1,210592,0,btc_5m,1787710500000,1,
1,351188,0,btc_5m,1787522700000,1,
1,292860,0,btc_5m,1787526300000,2,
1,322575,0,btc_5m,1787588700000,1,
1,352812,0,btc_5m,1787589000000,1,
1,298788,0,btc_5m,1787592900000,1,
1,260170,0,btc_5m,1787594400000,1,
1,345048,0,btc_5m,1787580300000,2,
1,276436,0,btc_5m,1787580600000,2,
1,225494,0,btc_5m,1787651100000,2,
1,207538,0,btc_5m,1787651400000,2,
1,394350,0,btc_5m,1787591700000,2,
1,226702,0,btc_5m,1787592000000,2,
1,229679,0,btc_5m,1787608800000,1,
1,316172,0,btc_5m,1787616000000,1,
1,423102,0,btc_5m,1787575200000,1,
1,283245,0,btc_5m,1787575500000,2,
1,228564,0,btc_5m,1787618700000,2,
1,413947,0,btc_5m,1787619000000,1,
1,361350,0,btc_5m,1787575800000,2,
1,424812,0,btc_5m,1787576100000,1,
1,324611,0,btc_5m,1787628300000,1,
1,244046,0,btc_5m,1787628600000,1,
1,348712,0,btc_5m,1787583000000,1,
1,310850,0,btc_5m,1787583300000,1,
1,203762,0,btc_5m,1787714100000,1,
1,207846,0,btc_5m,1787714700000,1,
1,442663,0,btc_5m,1787590500000,1,
1,283722,0,btc_5m,1787590800000,2,
1,232956,0,btc_5m,1787588100000,2,
1,452712,0,btc_5m,1787588400000,2,
1,337134,0,btc_5m,1787579700000,2,
1,370270,0,btc_5m,1787580000000,2,
1,274168,0,btc_5m,1787644200000,2,
1,342052,0,btc_5m,1787644500000,1,
1,321101,0,btc_5m,1787628900000,1,
1,251856,0,btc_5m,1787629200000,1,
1,318304,0,btc_5m,1787692200000,2,
1,199276,0,btc_5m,1787693700000,1,
1,299078,0,btc_5m,1787633400000,1,
1,259548,0,btc_5m,1787633700000,1,
1,380450,0,btc_5m,1787620500000,2,
1,255238,0,btc_5m,1787621100000,2,
1,362176,0,btc_5m,1787585700000,2,
1,405846,0,btc_5m,1787586000000,1,
1,514154,0,btc_5m,1787578500000,2,
1,425968,0,btc_5m,1787578800000,1,
1,169788,0,btc_5m,1787630100000,1,
1,385094,0,btc_5m,1787630700000,1,
1,339578,0,btc_5m,1787587500000,1,
1,471184,0,btc_5m,1787587800000,1,
1,290646,0,btc_5m,1787682000000,1,
1,203382,0,btc_5m,1787685600000,1,
1,339503,0,btc_5m,1787623500000,1,
1,259695,0,btc_5m,1787623800000,1,
1,497392,0,btc_5m,1787624400000,2,
1,342036,0,btc_5m,1787624700000,2,
1,301990,0,btc_5m,1787672100000,2,
1,189604,0,btc_5m,1787675400000,1,
1,358179,0,btc_5m,1787661600000,1,
1,402688,0,btc_5m,1787663400000,2,
1,285278,0,btc_5m,1787694900000,1,
1,223542,0,btc_5m,1787695500000,1,
1,312784,0,btc_5m,1787629500000,1,
1,202856,0,btc_5m,1787629800000,1,
1,477594,0,btc_5m,1787619300000,1,
1,277790,0,btc_5m,1787620200000,2,
1,276769,0,btc_5m,1787638800000,1,
1,233600,0,btc_5m,1787642700000,1,
1,240468,0,btc_5m,1787688000000,2,
1,276584,0,btc_5m,1787690700000,2,
1,204633,0,btc_5m,1787775600000,2,
1,185556,0,btc_5m,1787781000000,1,
1,216944,0,btc_5m,1787703300000,1,
1,327130,0,btc_5m,1787703600000,1,
1,195742,0,btc_5m,1787676600000,1,
1,278587,0,btc_5m,1787681400000,1,
1,420842,0,btc_5m,1787651700000,1,
1,349072,0,btc_5m,1787652000000,2,
1,168820,0,btc_5m,1787764500000,1,
1,307232,0,btc_5m,1787764800000,1,
1,338886,0,btc_5m,1787691000000,1,
1,249768,0,btc_5m,1787691300000,1,
1,239628,0,btc_5m,1787631000000,1,
1,398032,0,btc_5m,1787631600000,2,
1,209582,0,btc_5m,1787758800000,1,
1,318541,0,btc_5m,1787759700000,1,
1,341510,0,btc_5m,1787622000000,1,
1,407552,0,btc_5m,1787623200000,1,
1,201928,0,btc_5m,1787769600000,2,
1,301106,0,btc_5m,1787773800000,1,
1,333924,0,btc_5m,1787586300000,2,
1,482640,0,btc_5m,1787586600000,1,
1,398456,0,btc_5m,1787664600000,2,
1,314426,0,btc_5m,1787664900000,2,
1,417626,0,btc_5m,1787625600000,2,
1,385704,0,btc_5m,1787626200000,2,
1,194591,0,btc_5m,1787824500000,1,
1,202259,0,btc_5m,1787825100000,1,
1,309412,0,btc_5m,1787659200000,1,
1,277156,0,btc_5m,1787659500000,2,
1,410946,0,btc_5m,1787691600000,1,
1,290706,0,btc_5m,1787691900000,2,
1,49053,0,btc_5m,1787890800000,2,
1,196172,0,btc_5m,1787902800000,2,
1,177521,0,btc_5m,1787812200000,1,
1,287287,0,btc_5m,1787817600000,1,
1,391374,0,btc_5m,1787704800000,1,
1,158832,0,btc_5m,1787707500000,2,
1,261936,0,btc_5m,1787659800000,2,
1,309260,0,btc_5m,1787660100000,1,
1,252706,0,btc_5m,1787795700000,1,
1,235312,0,btc_5m,1787800800000,1,
1,487930,0,btc_5m,1787585100000,2,
1,502285,0,btc_5m,1787585400000,2,
1,304785,0,btc_5m,1787785200000,1,
1,236898,0,btc_5m,1787787300000,2,
1,319840,0,btc_5m,1787616300000,1,
1,288194,0,btc_5m,1787618400000,1,
1,415924,0,btc_5m,1787584200000,1,
1,491626,0,btc_5m,1787584800000,2,
1,409790,0,btc_5m,1787577900000,1,
1,462962,0,btc_5m,1787578200000,2,
1,180252,0,btc_5m,1787711100000,2,
1,288986,0,btc_5m,1787713200000,1,
1,178220,0,btc_5m,1787848800000,1,
1,206773,0,btc_5m,1787850000000,1,
1,485036,0,btc_5m,1787581200000,2,
1,398614,0,btc_5m,1787581500000,2,
1,421250,0,btc_5m,1787756400000,1,
1,259316,0,btc_5m,1787756700000,2,
1,293353,0,btc_5m,1787660400000,1,
1,361235,0,btc_5m,1787660700000,2,
1,224611,0,btc_5m,1787829600000,1,
1,183264,0,btc_5m,1787829900000,1,
1,258972,0,btc_5m,1787781600000,1,
1,277010,0,btc_5m,1787782200000,1,
1,256252,0,btc_5m,1787736600000,1,
1,349866,0,btc_5m,1787747400000,2,
1,266532,0,btc_5m,1787766000000,2,
1,268358,0,btc_5m,1787767800000,1,
1,432664,0,btc_5m,1787665800000,2,
1,369800,0,btc_5m,1787666100000,1,
1,232108,0,btc_5m,1787844600000,1,
1,339973,0,btc_5m,1787846400000,1,
1,222263,0,btc_5m,1787822700000,2,
1,286977,0,btc_5m,1787823000000,2,
1,277086,0,btc_5m,1787762100000,1,
1,286328,0,btc_5m,1787762400000,1,
1,206514,0,btc_5m,1787853600000,1,
1,231528,0,btc_5m,1787854200000,1,
1,217110,0,btc_5m,1787790900000,1,
1,325062,0,btc_5m,1787793300000,1,
1,327758,0,btc_5m,1787670900000,1,
1,350454,0,btc_5m,1787671500000,1,
1,359286,0,btc_5m,1787755200000,1,
1,390639,0,btc_5m,1787755800000,2,
1,343492,0,btc_5m,1787665200000,2,
1,527046,0,btc_5m,1787665500000,2,
1,389800,0,btc_5m,1787625000000,2,
1,420506,0,btc_5m,1787625300000,1,
1,496600,0,btc_5m,1787592300000,2,
1,525742,0,btc_5m,1787592600000,1,
1,254053,0,btc_5m,1787907900000,2,
1,190700,0,btc_5m,1787910000000,2,
1,365476,0,btc_5m,1787748300000,1,
1,343692,0,btc_5m,1787748900000,1,
1,244314,0,btc_5m,1787802000000,1,
1,282086,0,btc_5m,1787809200000,1,
1,181909,0,btc_5m,1788136500000,2,
1,1432,0,btc_5m,1788138000000,1,
1,116089,0,btc_5m,1787955900000,1,
1,164621,0,btc_5m,1787956500000,1,
1,427708,0,btc_5m,1787581800000,2,
1,602276,0,btc_5m,1787582100000,2,
1,486574,0,btc_5m,1787751900000,1,
1,239098,0,btc_5m,1787752200000,1,
1,181689,0,btc_5m,1787820000000,1,
1,383623,0,btc_5m,1787820300000,2,
1,196117,0,btc_5m,1787865600000,1,
1,301216,0,btc_5m,1787868300000,1,
1,618521,0,btc_5m,1787579100000,2,
1,528884,0,btc_5m,1787579400000,2,
1,177434,0,btc_5m,1787913000000,2,
1,171138,0,btc_5m,1787914500000,1,
1,216192,0,btc_5m,1787911500000,1,
1,228443,0,btc_5m,1787912400000,1,
1,407570,0,btc_5m,1787818800000,1,
1,281025,0,btc_5m,1787819400000,1,
1,297476,0,btc_5m,1787749500000,1,
1,458046,0,btc_5m,1787751000000,1,
1,173137,0,btc_5m,1787994300000,1,
1,165751,0,btc_5m,1788020100000,2,
1,274327,0,btc_5m,1787652900000,1,
1,395110,0,btc_5m,1787658600000,1,
1,235140,0,btc_5m,1787826900000,1,
1,354803,0,btc_5m,1787828700000,1,
1,418717,0,btc_5m,1787822100000,2,
1,260290,0,btc_5m,1787822400000,1,
1,395856,0,btc_5m,1787583600000,2,
1,480382,0,btc_5m,1787583900000,2,
1,505166,0,btc_5m,1787582400000,1,
1,507394,0,btc_5m,1787582700000,1,
1,161630,0,btc_5m,1787943000000,1,
1,167641,0,btc_5m,1787944800000,2,
1,270737,0,btc_5m,1787905800000,1,
1,168464,0,btc_5m,1787907600000,1,
1,515048,0,btc_5m,1787667300000,2,
1,445424,0,btc_5m,1787667900000,2,
1,356932,0,btc_5m,1787817900000,1,
1,444499,0,btc_5m,1787818200000,2,
1,246222,0,btc_5m,1787923500000,1,
1,181948,0,btc_5m,1787924400000,2,
1,440604,0,btc_5m,1787666700000,2,
1,452730,0,btc_5m,1787667000000,1,
1,165376,0,btc_5m,1787962500000,1,
1,179897,0,btc_5m,1787965200000,1,
1,192746,0,btc_5m,1787838600000,1,
1,280940,0,btc_5m,1787838900000,2,
1,387934,0,btc_5m,1787694000000,1,
1,344296,0,btc_5m,1787694300000,1,
1,156546,0,btc_5m,1788066300000,1,
1,180331,0,btc_5m,1788091500000,2,
1,225007,0,btc_5m,1787830500000,1,
1,363955,0,btc_5m,1787831400000,2,
1,403494,0,btc_5m,1787664000000,2,
1,332932,0,btc_5m,1787664300000,1,
1,278430,0,btc_5m,1787881800000,2,
1,266614,0,btc_5m,1787882400000,1,
1,315735,0,btc_5m,1787635800000,1,
1,370990,0,btc_5m,1787637600000,1,
1,216633,0,btc_5m,1787850300000,1,
1,318290,0,btc_5m,1787851800000,1,
1,148826,0,btc_5m,1788156300000,1,
1,133217,0,btc_5m,1788174000000,1,
1,554,0,btc_5m,1788456900000,1,
1,392,0,btc_5m,1788463200000,2,
1,271449,0,btc_5m,1787810100000,1,
1,337116,0,btc_5m,1787811300000,1,
1,226434,0,btc_5m,1787833800000,1,
1,292837,0,btc_5m,1787837400000,2,
1,174593,0,btc_5m,1788116700000,1,
1,153615,0,btc_5m,1788121500000,1,
1,160649,0,btc_5m,1788110100000,1,
1,238864,0,btc_5m,1788111000000,1,
1,177564,0,btc_5m,1788210600000,1,
1,152325,0,btc_5m,1788211200000,1,
1,284424,0,btc_5m,1787760300000,1,
1,352380,0,btc_5m,1787761200000,2,
1,165503,0,btc_5m,1787931600000,2,
1,277328,0,btc_5m,1787932800000,2,
1,509944,0,btc_5m,1787842200000,1,
1,300123,0,btc_5m,1787843100000,2,
1,541408,0,btc_5m,1787668200000,2,
1,433739,0,btc_5m,1787670000000,1,
1,429072,0,btc_5m,1787885400000,2,
1,206148,0,btc_5m,1787889900000,1,
1,236552,0,btc_5m,1787931000000,2,
1,371451,0,btc_5m,1787931300000,1,
1,176667,0,btc_5m,1788091800000,2,
1,194326,0,btc_5m,1788097500000,1,
1,385556,0,btc_5m,1787839800000,1,
1,288285,0,btc_5m,1787841300000,2,
1,170661,0,btc_5m,1788099300000,1,
1,290582,0,btc_5m,1788107700000,1,
1,216049,0,btc_5m,1788108000000,1,
1,180135,0,btc_5m,1788108900000,2,
1,377679,0,btc_5m,1787752800000,1,
1,427544,0,btc_5m,1787754000000,1,
1,281246,0,btc_5m,1787927400000,2,
1,295958,0,btc_5m,1787928000000,1,
1,143369,0,btc_5m,1788148800000,1,
1,290440,0,btc_5m,1788153600000,1,
1,300912,0,btc_5m,1787826300000,2,
1,445181,0,btc_5m,1787826600000,2,
1,182088,0,btc_5m,1788123600000,2,
1,210256,0,btc_5m,1788131700000,1,
1,204163,0,btc_5m,1787928600000,2,
1,360717,0,btc_5m,1787929200000,2,
1,307787,0,btc_5m,1787929500000,1,
1,340365,0,btc_5m,1787930400000,1,
1,207426,0,btc_5m,1787878800000,1,
1,368865,0,btc_5m,1787880600000,2,
1,122961,0,btc_5m,1788297600000,1,
1,166347,0,btc_5m,1788298500000,1,
1,459561,0,btc_5m,1787854800000,1,
1,206929,0,btc_5m,1787861100000,1,
1,155346,0,btc_5m,1788236400000,1,
1,234422,0,btc_5m,1788240900000,1,
1,463932,0,btc_5m,1787821200000,1,
1,371524,0,btc_5m,1787821500000,2,
1,250007,0,btc_5m,1787884500000,2,
1,306076,0,btc_5m,1787884800000,1,
1,243655,0,btc_5m,1787935800000,1,
1,351573,0,btc_5m,1787936400000,2,
1,251575,0,btc_5m,1787883300000,1,
1,435284,0,btc_5m,1787884200000,1,
1,267800,0,btc_5m,1787937600000,1,
1,319890,0,btc_5m,1787937900000,1,
1,261408,0,btc_5m,1787939400000,2,
1,248151,0,btc_5m,1787941500000,1,
1,331432,0,btc_5m,1788180300000,1,
1,240727,0,btc_5m,1788180600000,1,
1,128551,0,btc_5m,1788331200000,1,
1,132074,0,btc_5m,1788337800000,1,
1,214823,0,btc_5m,1788134700000,2,
1,229394,0,btc_5m,1788135600000,1,
1,300245,0,btc_5m,1787844000000,2,
1,328688,0,btc_5m,1787844300000,2,
1,227904,0,btc_5m,1788207600000,1,
1,207938,0,btc_5m,1788210300000,1,
1,287404,0,btc_5m,1788180900000,1,
1,140925,0,btc_5m,1788181200000,1,
1,215638,0,btc_5m,1788197700000,1,
1,197125,0,btc_5m,1788198000000,2,
1,256064,0,btc_5m,1788153900000,1,
1,141468,0,btc_5m,1788154500000,1,
1,158050,0,btc_5m,1788227400000,1,
1,259179,0,btc_5m,1788228300000,1,
1,139950,0,btc_5m,1788465300000,2,
1,8728,0,btc_5m,1788465600000,2,
1,124339,0,btc_5m,1788217200000,1,
1,238555,0,btc_5m,1788225600000,1,
1,260477,0,btc_5m,1788178800000,1,
1,203881,0,btc_5m,1788179100000,1,
1,381584,0,btc_5m,1787933100000,2,
1,232751,0,btc_5m,1787933400000,1,
1,281662,0,btc_5m,1788133500000,2,
1,189028,0,btc_5m,1788133800000,2,
1,191946,0,btc_5m,1788274500000,2,
1,161756,0,btc_5m,1788274800000,1,
1,449964,0,btc_5m,1787934300000,2,
1,310313,0,btc_5m,1787934600000,2,
1,184412,0,btc_5m,1788213600000,1,
1,168574,0,btc_5m,1788215700000,1,
1,277797,0,btc_5m,1787843400000,1,
1,440493,0,btc_5m,1787843700000,2,
1,178942,0,btc_5m,1788247500000,1,
1,201100,0,btc_5m,1788249300000,1,
1,155941,0,btc_5m,1788359400000,2,
1,212599,0,btc_5m,1788361200000,2,
1,415421,0,btc_5m,1787881200000,1,
1,254216,0,btc_5m,1787881500000,2,
1,452658,0,btc_5m,1787935200000,1,
1,294450,0,btc_5m,1787935500000,1,
1,261622,0,btc_5m,1787933700000,2,
1,398053,0,btc_5m,1787934000000,1,
1,232100,0,btc_5m,1788440100000,2,
1,11482,0,btc_5m,1788440700000,1,
1,197503,0,btc_5m,1788257700000,1,
1,159116,0,btc_5m,1788261600000,1,
1,169729,0,btc_5m,1788328500000,2,
1,202484,0,btc_5m,1788330000000,2,
1,485824,0,btc_5m,1787751300000,1,
1,528860,0,btc_5m,1787751600000,2,
1,219573,0,btc_5m,1788351600000,2,
1,177016,0,btc_5m,1788354000000,1,
1,341459,0,btc_5m,1788142800000,2,
1,257202,0,btc_5m,1788143100000,1,
1,131288,0,btc_5m,1788306600000,2,
1,200375,0,btc_5m,1788327000000,1,
1,179233,0,btc_5m,1788264300000,1,
1,235029,0,btc_5m,1788266100000,1,
1,269583,0,btc_5m,1788195300000,1,
1,287672,0,btc_5m,1788197100000,1,
1,134707,0,btc_5m,1788494100000,1,
1,177931,0,btc_5m,1788495600000,1,
1,338906,0,btc_5m,1788179400000,2,
1,208022,0,btc_5m,1788180000000,2,
1,386216,0,btc_5m,1788288300000,2,
1,142497,0,btc_5m,1788294900000,1,
1,398143,0,btc_5m,1788186600000,1,
1,195416,0,btc_5m,1788187200000,2,
1,281168,0,btc_5m,1788132300000,1,
1,415506,0,btc_5m,1788132600000,1,
1,293290,0,btc_5m,1787926200000,2,
1,415363,0,btc_5m,1787926500000,2,
1,341108,0,btc_5m,1788189300000,1,
1,256316,0,btc_5m,1788191100000,1,
1,200613,0,btc_5m,1788453900000,1,
1,45704,0,btc_5m,1788455100000,1,
1,288646,0,btc_5m,1787925600000,2,
1,551585,0,btc_5m,1787925900000,2,
1,327314,0,btc_5m,1788132900000,2,
1,377934,0,btc_5m,1788133200000,2,
1,184948,0,btc_5m,1788386400000,1,
1,228717,0,btc_5m,1788389400000,1,
1,280808,0,btc_5m,1788402900000,2,
1,191738,0,btc_5m,1788408600000,1,
1,170488,0,btc_5m,1788471000000,2,
1,167595,0,btc_5m,1788471300000,2,
1,225183,0,btc_5m,1788229500000,1,
1,226923,0,btc_5m,1788232200000,1,
1,171105,0,btc_5m,1788366900000,1,
1,295722,0,btc_5m,1788369600000,1,
1,206412,0,btc_5m,1788242100000,1,
1,258289,0,btc_5m,1788243000000,1,
1,204827,0,btc_5m,1788346500000,1,
1,305250,0,btc_5m,1788349500000,1,
1,429345,0,btc_5m,1787926800000,1,
1,481111,0,btc_5m,1787927100000,2,
1,274277,0,btc_5m,1788287400000,2,
1,207002,0,btc_5m,1788287700000,2,
1,200693,0,btc_5m,1788355800000,2,
1,390559,0,btc_5m,1788356700000,1,
1,344083,0,btc_5m,1788191700000,1,
1,310102,0,btc_5m,1788192300000,1,
1,184263,0,btc_5m,1788251100000,2,
1,288961,0,btc_5m,1788257400000,1,
1,335938,0,btc_5m,1788184200000,1,
1,246017,0,btc_5m,1788184500000,2,
1,183022,0,btc_5m,1788382200000,1,
1,216011,0,btc_5m,1788382500000,1,
1,227985,0,btc_5m,1788277500000,1,
1,326124,0,btc_5m,1788281700000,1,
1,261449,0,btc_5m,1788269700000,2,
1,291024,0,btc_5m,1788270300000,1,
1,248562,0,btc_5m,1788373200000,1,
1,244191,0,btc_5m,1788376200000,2,
1,198927,0,btc_5m,1788379200000,1,
1,236767,0,btc_5m,1788381300000,1,
1,96730,0,btc_5m,1788616200000,1,
1,122784,0,btc_5m,1788616800000,1,
1,210374,0,btc_5m,1788474300000,1,
1,140055,0,btc_5m,1788474900000,1,
1,168627,0,btc_5m,1788478500000,1,
1,218883,0,btc_5m,1788480000000,1,
1,163742,0,btc_5m,1788499800000,1,
1,193418,0,btc_5m,1788501600000,1,
1,292968,0,btc_5m,1788357300000,1,
1,186401,0,btc_5m,1788357900000,1,
1,298739,0,btc_5m,1788187500000,2,
1,366555,0,btc_5m,1788188700000,1,
1,167622,0,btc_5m,1788477000000,1,
1,230780,0,btc_5m,1788477600000,1,
1,163454,0,btc_5m,1788577800000,1,
1,119604,0,btc_5m,1788580800000,1,
1,109771,0,btc_5m,1788588600000,1,
1,168261,0,btc_5m,1788596700000,1,
1,412564,0,btc_5m,1788270600000,1,
1,303077,0,btc_5m,1788272700000,2,
1,224986,0,btc_5m,1788493200000,1,
1,181347,0,btc_5m,1788493500000,1,
1,212014,0,btc_5m,1788559200000,1,
1,163427,0,btc_5m,1788561900000,1,
1,393754,0,btc_5m,1788183000000,2,
1,438733,0,btc_5m,1788183300000,1,
1,259171,0,btc_5m,1788512700000,1,
1,170162,0,btc_5m,1788513300000,1,
1,162316,0,btc_5m,1788414600000,1,
1,358738,0,btc_5m,1788419100000,1,
1,274710,0,btc_5m,1788487800000,1,
1,186381,0,btc_5m,1788491100000,1,
1,188448,0,btc_5m,1788450300000,1,
1,337081,0,btc_5m,1788450900000,1,
1,214715,0,btc_5m,1788542700000,1,
1,120924,0,btc_5m,1788550200000,1,
1,276421,0,btc_5m,1788469500000,1,
1,123120,0,btc_5m,1788469800000,1,
1,207235,0,btc_5m,1788486000000,1,
1,231753,0,btc_5m,1788486900000,1,
1,250293,0,btc_5m,1788501900000,1,
1,156066,0,btc_5m,1788502200000,1,
1,109052,0,btc_5m,1788513600000,2,
1,240255,0,btc_5m,1788514200000,2,
1,357274,0,btc_5m,1788451500000,1,
1,242026,0,btc_5m,1788452100000,1,
1,239990,0,btc_5m,1788363000000,1,
1,288348,0,btc_5m,1788363300000,1,
1,83221,0,btc_5m,1788678900000,1,
1,137070,0,btc_5m,1788687600000,1,
1,209409,0,btc_5m,1788473100000,1,
1,292283,0,btc_5m,1788473700000,1,
1,365010,0,btc_5m,1788185100000,1,
1,315825,0,btc_5m,1788185400000,1,
1,200903,0,btc_5m,1788491700000,1,
1,204200,0,btc_5m,1788492900000,1,
1,294717,0,btc_5m,1788423000000,1,
1,172976,0,btc_5m,1788438600000,2,
1,254538,0,btc_5m,1788176700000,1,
1,364059,0,btc_5m,1788177900000,1,
1,251582,0,btc_5m,1788363900000,1,
1,248010,0,btc_5m,1788365400000,2,
1,114652,0,btc_5m,1788651300000,1,
1,153374,0,btc_5m,1788651900000,1,
1,163625,0,btc_5m,1788572700000,1,
1,117562,0,btc_5m,1788573600000,1,
1,192390,0,btc_5m,1788525900000,2,
1,348275,0,btc_5m,1788526200000,2,
1,255638,0,btc_5m,1788523500000,1,
1,151899,0,btc_5m,1788525000000,2,
1,231645,0,btc_5m,1788445500000,2,
1,289733,0,btc_5m,1788445800000,2,
1,145040,0,btc_5m,1788638700000,1,
1,123305,0,btc_5m,1788639600000,1,
1,300813,0,btc_5m,1788503700000,2,
1,170210,0,btc_5m,1788505200000,1,
1,274605,0,btc_5m,1788496200000,1,
1,215541,0,btc_5m,1788498300000,1,
1,334645,0,btc_5m,1788267000000,1,
1,376312,0,btc_5m,1788267900000,2,
1,248190,0,btc_5m,1788471600000,1,
1,295213,0,btc_5m,1788471900000,1,
1,108774,0,btc_5m,1788604500000,1,
1,182617,0,btc_5m,1788611700000,1,
1,399107,0,btc_5m,1788285600000,2,
1,220674,0,btc_5m,1788287100000,2,
1,102264,0,btc_5m,1788564600000,1,
1,200676,0,btc_5m,1788570000000,1,
1,108308,0,btc_5m,1788637200000,1,
1,183856,0,btc_5m,1788637800000,1,
1,152850,0,btc_5m,1788621000000,1,
1,126626,0,btc_5m,1788621900000,1,
1,197276,0,btc_5m,1788625500000,1,
1,163798,0,btc_5m,1788625800000,1,
1,380678,0,btc_5m,1788358200000,1,
1,399476,0,btc_5m,1788358500000,1,
1,226287,0,btc_5m,1788480900000,1,
1,218108,0,btc_5m,1788482400000,1,
1,138562,0,btc_5m,1788652500000,1,
1,173435,0,btc_5m,1788658500000,1,
1,293288,0,btc_5m,1788442200000,2,
1,225671,0,btc_5m,1788444900000,1,
1,240415,0,btc_5m,1788507900000,1,
1,245901,0,btc_5m,1788509100000,1,
1,225094,0,btc_5m,1788446700000,1,
1,288946,0,btc_5m,1788447000000,2,
1,209009,0,btc_5m,1788517500000,1,
1,190169,0,btc_5m,1788521100000,1,
1,305128,0,btc_5m,1788539700000,1,
1,173611,0,btc_5m,1788542100000,1,
1,179470,0,btc_5m,1788583500000,1,
1,122640,0,btc_5m,1788587400000,1,
1,291913,0,btc_5m,1788511200000,1,
1,244376,0,btc_5m,1788511500000,2,
1,190501,0,btc_5m,1788633000000,1,
1,174815,0,btc_5m,1788636000000,1,
1,120474,0,btc_5m,1788693600000,1,
1,159410,0,btc_5m,1788693900000,1,
1,421615,0,btc_5m,1788183600000,2,
1,373916,0,btc_5m,1788183900000,2,
1,308791,0,btc_5m,1788342300000,1,
1,337594,0,btc_5m,1788346200000,2,
1,156211,0,btc_5m,1788676800000,1,
1,145805,0,btc_5m,1788677100000,1,
1,196392,0,btc_5m,1788660000000,1,
1,157339,0,btc_5m,1788670500000,1,
1,201429,0,btc_5m,1788627900000,1,
1,168893,0,btc_5m,1788628500000,1,
1,269439,0,btc_5m,1788552600000,1,
1,184454,0,btc_5m,1788558000000,1,
1,156628,0,btc_5m,1788645000000,1,
1,166790,0,btc_5m,1788645300000,1,
1,165623,0,btc_5m,1788639900000,1,
1,181768,0,btc_5m,1788641400000,1,
1,311458,0,btc_5m,1788531900000,1,
1,227261,0,btc_5m,1788532800000,1,
1,195336,0,btc_5m,1788551100000,1,
1,238775,0,btc_5m,1788552000000,1,
1,151399,0,btc_5m,1788622800000,1,
1,145869,0,btc_5m,1788623400000,1,
1,159454,0,btc_5m,1788648000000,1,
1,157309,0,btc_5m,1788650400000,1,
1,166414,0,btc_5m,1788627300000,2,
1,284811,0,btc_5m,1788627600000,1,
1,206151,0,btc_5m,1788558600000,1,
1,185392,0,btc_5m,1788558900000,1,
1,322905,0,btc_5m,1788482700000,1,
1,259614,0,btc_5m,1788483000000,2,
1,203982,0,btc_5m,1788626700000,1,
1,229854,0,btc_5m,1788627000000,1,
1,272700,0,btc_5m,1788475800000,2,
1,295097,0,btc_5m,1788476100000,1,
1,198324,0,btc_5m,1788697800000,1,
1,131428,0,btc_5m,1788699300000,1,
1,165166,0,btc_5m,1788706200000,1,
1,119376,0,btc_5m,1788706500000,1,
1,229935,0,btc_5m,1788673200000,1,
1,148330,0,btc_5m,1788676500000,1,
1,119172,0,btc_5m,1788694500000,1,
1,158434,0,btc_5m,1788694800000,1,
1,159670,0,btc_5m,1788704700000,1,
1,145744,0,btc_5m,1788705900000,1,
1,296834,0,btc_5m,1788535200000,2,
1,178193,0,btc_5m,1788535500000,1,
1,170258,0,btc_5m,1788708000000,1,
1,199824,0,btc_5m,1788714600000,1,
1,388662,0,btc_5m,1788525300000,2,
1,335137,0,btc_5m,1788525600000,1,
1,227377,0,btc_5m,1788659100000,1,
1,154174,0,btc_5m,1788659700000,1,
1,272637,0,btc_5m,1788510600000,1,
1,349384,0,btc_5m,1788510900000,1,
1,339615,0,btc_5m,1788511800000,1,
1,198960,0,btc_5m,1788512100000,1,
1,188030,0,btc_5m,1788688500000,1,
1,122798,0,btc_5m,1788689700000,1,
1,176996,0,btc_5m,1788742800000,1,
1,126062,0,btc_5m,1788743100000,1,
1,198892,0,btc_5m,1788703800000,1,
1,117658,0,btc_5m,1788704400000,1,
1,181826,0,btc_5m,1788706800000,2,
1,166354,0,btc_5m,1788707100000,1,
1,299935,0,btc_5m,1788630900000,1,
1,281651,0,btc_5m,1788631200000,1,
1,228916,0,btc_5m,1788734400000,1,
1,241608,0,btc_5m,1788734700000,1,
1,325895,0,btc_5m,1788452700000,1,
1,371938,0,btc_5m,1788453300000,1,
1,191890,0,btc_5m,1788699600000,1,
1,152106,0,btc_5m,1788700500000,1,
1,131690,0,btc_5m,1788774600000,1,
1,146272,0,btc_5m,1788775200000,2,
1,179628,0,btc_5m,1788778800000,1,
1,195004,0,btc_5m,1788788400000,1,
1,261048,0,btc_5m,1788529800000,2,
1,242806,0,btc_5m,1788530400000,2,
1,176992,0,btc_5m,1788732300000,1,
1,156882,0,btc_5m,1788734100000,1,
1,141856,0,btc_5m,1788756900000,1,
1,229222,0,btc_5m,1788757500000,1,
1,239704,0,btc_5m,1788526500000,2,
1,383518,0,btc_5m,1788526800000,2,
1,192080,0,btc_5m,1788773100000,1,
1,115372,0,btc_5m,1788773700000,1,
1,346151,0,btc_5m,1788527100000,1,
1,291600,0,btc_5m,1788527400000,1,
1,224996,0,btc_5m,1788715200000,1,
1,183728,0,btc_5m,1788731400000,1,
1,196329,0,btc_5m,1788632100000,1,
1,207589,0,btc_5m,1788632400000,1,
1,219008,0,btc_5m,1788759900000,1,
1,171696,0,btc_5m,1788762300000,1,
1,200323,0,btc_5m,1788536100000,1,
1,320133,0,btc_5m,1788536700000,1,
1,154504,0,btc_5m,1788819000000,1,
1,156610,0,btc_5m,1788820800000,1,
1,291991,0,btc_5m,1788527700000,1,
1,274059,0,btc_5m,1788528300000,1,
1,175466,0,btc_5m,1788769200000,1,
1,231382,0,btc_5m,1788769500000,1,
1,341743,0,btc_5m,1788448200000,2,
1,441628,0,btc_5m,1788448500000,2,
1,180286,0,btc_5m,1788767100000,1,
1,240000,0,btc_5m,1788767400000,1,
1,168998,0,btc_5m,1788737700000,1,
1,249436,0,btc_5m,1788738300000,1,
1,190940,0,btc_5m,1788756000000,1,
1,186776,0,btc_5m,1788756300000,1,
1,367604,0,btc_5m,1788534600000,1,
1,258886,0,btc_5m,1788534900000,1,
1,192182,0,btc_5m,1788766200000,1,
1,290888,0,btc_5m,1788766800000,2,
1,286019,0,btc_5m,1788533100000,2,
1,246099,0,btc_5m,1788533400000,2,
1,203792,0,btc_5m,1788762600000,1,
1,168282,0,btc_5m,1788762900000,1,
1,138996,0,btc_5m,1788770400000,1,
1,205488,0,btc_5m,1788770700000,1,
1,459849,0,btc_5m,1788528600000,2,
1,390935,0,btc_5m,1788528900000,2,
1,300516,0,btc_5m,1788751800000,1,
1,170738,0,btc_5m,1788752100000,1,
1,308767,0,btc_5m,1788531300000,1,
1,367365,0,btc_5m,1788531600000,2,
1,263121,0,btc_5m,1788447600000,2,
1,393668,0,btc_5m,1788447900000,2,
1,148002,0,btc_5m,1788789900000,2,
1,281108,0,btc_5m,1788790200000,1,
1,191320,0,btc_5m,1788815700000,1,
1,179558,0,btc_5m,1788817800000,1,
1,307624,0,btc_5m,1788748800000,1,
1,253484,0,btc_5m,1788749100000,1,
1,283352,0,btc_5m,1788739200000,2,
1,229029,0,btc_5m,1788739500000,1,
1,225654,0,btc_5m,1788746100000,1,
1,255864,0,btc_5m,1788747600000,1,
1,226560,0,btc_5m,1788735300000,1,
1,199114,0,btc_5m,1788735600000,1,
1,299594,0,btc_5m,1788796500000,1,
1,189694,0,btc_5m,1788796800000,1,
1,168458,0,btc_5m,1788861900000,1,
1,151710,0,btc_5m,1788862800000,2,
1,159318,0,btc_5m,1788847800000,1,
1,251764,0,btc_5m,1788850500000,1,
1,438875,0,btc_5m,1788529200000,1,
1,267272,0,btc_5m,1788529500000,2,
1,249562,0,btc_5m,1788822900000,1,
1,164192,0,btc_5m,1788825000000,1,
1,253198,0,btc_5m,1788753300000,1,
1,251288,0,btc_5m,1788755700000,1,
1,207960,0,btc_5m,1788841500000,1,
1,167164,0,btc_5m,1788842400000,1,
1,151996,0,btc_5m,1788864600000,1,
1,181598,0,btc_5m,1788865800000,1,
1,157974,0,btc_5m,1788828900000,1,
1,231648,0,btc_5m,1788829800000,1,
1,163370,0,btc_5m,1788858600000,1,
1,186214,0,btc_5m,1788859200000,1,
1,186542,0,btc_5m,1788765600000,1,
1,218974,0,btc_5m,1788765900000,2,
1,251440,0,btc_5m,1788840900000,1,
1,181378,0,btc_5m,1788841200000,1,
1,197810,0,btc_5m,1788825600000,1,
1,296352,0,btc_5m,1788825900000,1,
1,228396,0,btc_5m,1788818400000,2,
1,204486,0,btc_5m,1788818700000,1,
1,144972,0,btc_5m,1788855900000,1,
1,206666,0,btc_5m,1788858300000,1,
1,191240,0,btc_5m,1788822300000,1,
1,252174,0,btc_5m,1788822600000,1,
1,290288,0,btc_5m,1788831300000,1,
1,148160,0,btc_5m,1788834300000,1,
1,291406,0,btc_5m,1788792000000,1,
1,155980,0,btc_5m,1788793500000,1,
1,151856,0,btc_5m,1788886500000,2,
1,165864,0,btc_5m,1788886800000,1,
1,292308,0,btc_5m,1788790500000,1,
1,217752,0,btc_5m,1788790800000,1,
1,191488,0,btc_5m,1788863400000,1,
1,185464,0,btc_5m,1788863700000,1,
1,264188,0,btc_5m,1788838500000,1,
1,196496,0,btc_5m,1788840600000,1,
1,113070,0,btc_5m,1788926400000,1,
1,200306,0,btc_5m,1788926700000,2,
1,242578,0,btc_5m,1788845100000,1,
1,172954,0,btc_5m,1788845400000,1,
1,177332,0,btc_5m,1788868500000,1,
1,202858,0,btc_5m,1788871200000,1,
1,265468,0,btc_5m,1788794400000,1,
1,183958,0,btc_5m,1788795000000,1,
1,192196,0,btc_5m,1788801600000,1,
1,247914,0,btc_5m,1788804300000,1,
1,180750,0,btc_5m,1788768000000,1,
1,252840,0,btc_5m,1788768900000,1,
1,245804,0,btc_5m,1788852300000,1,
1,214102,0,btc_5m,1788853200000,1,
1,166118,0,btc_5m,1788811800000,1,
1,253118,0,btc_5m,1788813900000,2,
1,144846,0,btc_5m,1788919800000,1,
1,198860,0,btc_5m,1788920100000,1,
1,174702,0,btc_5m,1788866400000,1,
1,257628,0,btc_5m,1788867600000,1,
1,326386,0,btc_5m,1788530700000,2,
1,373259,0,btc_5m,1788531000000,1,
1,166372,0,btc_5m,1788930900000,2,
1,177866,0,btc_5m,1788931800000,1,
1,239904,0,btc_5m,1788843600000,2,
1,267872,0,btc_5m,1788843900000,1,
1,165666,0,btc_5m,1788859500000,1,
1,246484,0,btc_5m,1788861000000,1,
1,156104,0,btc_5m,1788906000000,1,
1,186280,0,btc_5m,1788907200000,1,
1,278504,0,btc_5m,1788741600000,1,
1,289236,0,btc_5m,1788741900000,1,
1,246672,0,btc_5m,1788743400000,1,
1,235432,0,btc_5m,1788744300000,1,
1,193536,0,btc_5m,1788844200000,1,
1,246322,0,btc_5m,1788844800000,1,
1,172628,0,btc_5m,1788954300000,1,
1,182012,0,btc_5m,1788954600000,2,
1,262484,0,btc_5m,1788861300000,1,
1,187948,0,btc_5m,1788861600000,1,
1,257982,0,btc_5m,1788895800000,1,
1,185846,0,btc_5m,1788898200000,2,
1,264960,0,btc_5m,1788826200000,1,
1,182866,0,btc_5m,1788827100000,1,
1,324118,0,btc_5m,1788830100000,1,
1,167336,0,btc_5m,1788830400000,1,
1,161790,0,btc_5m,1788950700000,1,
1,195414,0,btc_5m,1788952500000,1,
1,256734,0,btc_5m,1788845700000,2,
1,183364,0,btc_5m,1788846000000,1,
1,188344,0,btc_5m,1788955500000,2,
1,226598,0,btc_5m,1788955800000,1,
1,262446,0,btc_5m,1788905400000,1,
1,254550,0,btc_5m,1788905700000,1,
1,213718,0,btc_5m,1788882900000,1,
1,189900,0,btc_5m,1788883200000,1,
1,157384,0,btc_5m,1788986400000,1,
1,163112,0,btc_5m,1788987000000,1,
1,268132,0,btc_5m,1788887100000,2,
1,215272,0,btc_5m,1788890400000,1,
1,145424,0,btc_5m,1788875700000,1,
1,468564,0,btc_5m,1788876000000,2,
1,263244,0,btc_5m,1788853800000,1,
1,242900,0,btc_5m,1788855300000,2,
1,282378,0,btc_5m,1788884400000,1,
1,310134,0,btc_5m,1788885600000,1,
1,290088,0,btc_5m,1788876300000,1,
1,285212,0,btc_5m,1788876900000,2,
1,216336,0,btc_5m,1788956100000,1,
1,212426,0,btc_5m,1788956700000,1,
1,220600,0,btc_5m,1788920400000,1,
1,264210,0,btc_5m,1788920700000,1,
1,153396,0,btc_5m,1789002300000,1,
1,195598,0,btc_5m,1789009500000,1,
1,254998,0,btc_5m,1788757800000,1,
1,216918,0,btc_5m,1788758700000,1,
1,347528,0,btc_5m,1788847200000,1,
1,273472,0,btc_5m,1788847500000,2,
1,320502,0,btc_5m,1788881400000,1,
1,256262,0,btc_5m,1788882600000,1,
1,234054,0,btc_5m,1788900000000,2,
1,218650,0,btc_5m,1788902400000,2,
1,225648,0,btc_5m,1788941700000,1,
1,244592,0,btc_5m,1788942900000,1,
1,183198,0,btc_5m,1788962400000,1,
1,289200,0,btc_5m,1788962700000,2,
1,288278,0,btc_5m,1788943200000,2,
1,166170,0,btc_5m,1788946800000,1,
1,248914,0,btc_5m,1788924300000,1,
1,228046,0,btc_5m,1788926100000,1,
1,217590,0,btc_5m,1788915900000,1,
1,264234,0,btc_5m,1788916200000,1,
1,208678,0,btc_5m,1788993300000,1,
1,209534,0,btc_5m,1788998700000,1,
1,181530,0,btc_5m,1788987600000,1,
1,142630,0,btc_5m,1788989400000,1,
1,125396,0,btc_5m,1788990300000,1,
1,282954,0,btc_5m,1788990600000,1,
1,183338,0,btc_5m,1788971100000,1,
1,252122,0,btc_5m,1788973200000,2,
1,185186,0,btc_5m,1788908400000,1,
1,201642,0,btc_5m,1788909900000,1,
1,367648,0,btc_5m,1788880500000,2,
1,301640,0,btc_5m,1788881100000,1,
1,244292,0,btc_5m,1788927300000,1,
1,224354,0,btc_5m,1788928800000,1,
1,191420,0,btc_5m,1788974700000,1,
1,238482,0,btc_5m,1788975300000,1,
1,214022,0,btc_5m,1788938400000,1,
1,265394,0,btc_5m,1788941400000,2,
1,275490,0,btc_5m,1788916800000,1,
1,214078,0,btc_5m,1788918300000,1,
1,246148,0,btc_5m,1788979500000,1,
1,221322,0,btc_5m,1788979800000,1,
1,342219,0,btc_5m,1788894900000,1,
1,275086,0,btc_5m,1788895500000,1,
1,172142,0,btc_5m,1789013100000,1,
1,220900,0,btc_5m,1789015500000,1,
1,314990,0,btc_5m,1788877200000,1,
1,316056,0,btc_5m,1788878100000,2,
1,298558,0,btc_5m,1788871500000,2,
1,283708,0,btc_5m,1788874200000,1,
1,361546,0,btc_5m,1788875100000,2,
1,269656,0,btc_5m,1788875400000,2,
1,222866,0,btc_5m,1788991200000,1,
1,144070,0,btc_5m,1788991800000,1,
1,228132,0,btc_5m,1789019700000,1,
1,138096,0,btc_5m,1789023900000,1,
1,286924,0,btc_5m,1788957300000,1,
1,242316,0,btc_5m,1788957600000,1,
1,185952,0,btc_5m,1789016700000,1,
1,179932,0,btc_5m,1789017900000,1,
1,238996,0,btc_5m,1788975900000,1,
1,181896,0,btc_5m,1788979200000,1,
1,200726,0,btc_5m,1789054500000,2,
1,187176,0,btc_5m,1789055100000,1,
1,212104,0,btc_5m,1789010400000,1,
1,128756,0,btc_5m,1789012200000,1,
1,189530,0,btc_5m,1788980400000,2,
1,326367,0,btc_5m,1788980700000,1,
1,306400,0,btc_5m,1788966300000,2,
1,265638,0,btc_5m,1788966600000,2,
1,231088,0,btc_5m,1788918600000,1,
1,225084,0,btc_5m,1788918900000,1,
1,348738,0,btc_5m,1788930300000,1,
1,212970,0,btc_5m,1788930600000,1,
1,155590,0,btc_5m,1789057200000,1,
1,157266,0,btc_5m,1789060800000,1,
1,221668,0,btc_5m,1789042200000,1,
1,243050,0,btc_5m,1789042800000,1,
1,296074,0,btc_5m,1788969000000,1,
1,317528,0,btc_5m,1788969300000,1,
1,346032,0,btc_5m,1788878400000,2,
1,285026,0,btc_5m,1788879300000,1,
1,213810,0,btc_5m,1789001100000,1,
1,228654,0,btc_5m,1789001400000,1,
1,173830,0,btc_5m,1789034100000,1,
1,186001,0,btc_5m,1789034400000,1,
1,226062,0,btc_5m,1788958500000,1,
1,273741,0,btc_5m,1788959100000,2,
1,205428,0,btc_5m,1789031100000,1,
1,233608,0,btc_5m,1789032300000,1,
1,512623,0,btc_5m,1788960600000,1,
1,182590,0,btc_5m,1788960900000,2,
1,275712,0,btc_5m,1788973500000,1,
1,247818,0,btc_5m,1788974100000,1,
1,237964,0,btc_5m,1788969900000,1,
1,165682,0,btc_5m,1788970500000,1,
1,182696,0,btc_5m,1789051500000,1,
1,214054,0,btc_5m,1789053600000,1,
1,408114,0,btc_5m,1788874500000,2,
1,251640,0,btc_5m,1788874800000,2,
1,236140,0,btc_5m,1789039800000,1,
1,234402,0,btc_5m,1789041000000,1,
1,211414,0,btc_5m,1789117800000,1,
1,119598,0,btc_5m,1789119300000,1,
1,242086,0,btc_5m,1789104600000,1,
1,119810,0,btc_5m,1789111500000,1,
1,129954,0,btc_5m,1789095900000,1,
1,260350,0,btc_5m,1789096200000,1,
1,267530,0,btc_5m,1788982800000,1,
1,234531,0,btc_5m,1788985500000,1,
1,365156,0,btc_5m,1788929100000,1,
1,177260,0,btc_5m,1788930000000,1,
1,228350,0,btc_5m,1788947100000,2,
1,305740,0,btc_5m,1788949800000,1,
1,324644,0,btc_5m,1788963300000,1,
1,374680,0,btc_5m,1788963600000,1,
1,176474,0,btc_5m,1789100400000,1,
1,209420,0,btc_5m,1789103700000,1,
1,190460,0,btc_5m,1789096500000,1,
1,177192,0,btc_5m,1789096800000,1,
1,320216,0,btc_5m,1789027200000,1,
1,238254,0,btc_5m,1789028700000,1,
1,288660,0,btc_5m,1788932100000,1,
1,323520,0,btc_5m,1788938100000,1,
1,345825,0,btc_5m,1788966900000,2,
1,197308,0,btc_5m,1788967200000,2,
1,226876,0,btc_5m,1789056000000,1,
1,311602,0,btc_5m,1789056600000,1,
1,283082,0,btc_5m,1789068900000,1,
1,191624,0,btc_5m,1789074300000,1,
1,244856,0,btc_5m,1789001700000,1,
1,212010,0,btc_5m,1789002000000,1,
1,269602,0,btc_5m,1788967500000,2,
1,273070,0,btc_5m,1788968100000,2,
1,171642,0,btc_5m,1789104000000,1,
1,191734,0,btc_5m,1789104300000,1,
1,228616,0,btc_5m,1789049100000,1,
1,228716,0,btc_5m,1789049400000,1,
1,139998,0,btc_5m,1789191000000,1,
1,140756,0,btc_5m,1789191300000,1,
1,223934,0,btc_5m,1789128900000,1,
1,295026,0,btc_5m,1789129200000,1,
1,149436,0,btc_5m,1789182300000,2,
1,139256,0,btc_5m,1789182900000,1,
1,258722,0,btc_5m,1789086300000,1,
1,160068,0,btc_5m,1789086600000,1,
1,203360,0,btc_5m,1789128000000,1,
1,331952,0,btc_5m,1789128600000,1,
1,129568,0,btc_5m,1789164600000,1,
1,211502,0,btc_5m,1789164900000,1,
1,223972,0,btc_5m,1789046400000,1,
1,364070,0,btc_5m,1789047000000,2,
1,209746,0,btc_5m,1789061400000,1,
1,275692,0,btc_5m,1789061700000,2,
1,140094,0,btc_5m,1789183500000,1,
1,175590,0,btc_5m,1789186800000,1,
1,143606,0,btc_5m,1789226700000,1,
1,137900,0,btc_5m,1789227000000,1,
1,166978,0,btc_5m,1789142400000,2,
1,224384,0,btc_5m,1789142700000,2,
1,300078,0,btc_5m,1789125300000,2,
1,160744,0,btc_5m,1789127100000,1,
1,349818,0,btc_5m,1788964500000,1,
1,387008,0,btc_5m,1788966000000,2,
1,362928,0,btc_5m,1789044000000,1,
1,288418,0,btc_5m,1789044300000,2,
1,143728,0,btc_5m,1789250400000,1,
1,106290,0,btc_5m,1789251900000,1,
1,153412,0,btc_5m,1789150500000,1,
1,252316,0,btc_5m,1789150800000,1,
1,340802,0,btc_5m,1789055400000,1,
1,237898,0,btc_5m,1789055700000,1,
1,144590,0,btc_5m,1789229100000,1,
1,152802,0,btc_5m,1789233000000,1,
1,172196,0,btc_5m,1789089600000,1,
1,250940,0,btc_5m,1789092600000,1,
1,299768,0,btc_5m,1789130700000,2,
1,295850,0,btc_5m,1789131000000,2,
1,158592,0,btc_5m,1789165200000,1,
1,212204,0,btc_5m,1789165500000,1,
1,208402,0,btc_5m,1789045200000,1,
1,396580,0,btc_5m,1789046100000,1,
1,198716,0,btc_5m,1789158300000,1,
1,156996,0,btc_5m,1789158900000,1,
1,146628,0,btc_5m,1789171200000,1,
1,130865,0,btc_5m,1789177800000,1,
1,265394,0,btc_5m,1789088100000,1,
1,229880,0,btc_5m,1789089300000,1,
1,354044,0,btc_5m,1789132500000,1,
1,251752,0,btc_5m,1789132800000,1,
1,194208,0,btc_5m,1789180800000,1,
1,168920,0,btc_5m,1789181400000,1,
1,162488,0,btc_5m,1789162800000,2,
1,179418,0,btc_5m,1789163100000,1,
1,123354,0,btc_5m,1789266900000,1,
1,118706,0,btc_5m,1789267800000,1,
1,247428,0,btc_5m,1789035000000,1,
1,283730,0,btc_5m,1789038300000,1,
1,238888,0,btc_5m,1789094700000,1,
1,272436,0,btc_5m,1789095300000,1,
1,156640,0,btc_5m,1789113300000,1,
1,305000,0,btc_5m,1789115100000,2,
1,190950,0,btc_5m,1789206600000,1,
1,206876,0,btc_5m,1789210500000,1,
1,232002,0,btc_5m,1789050300000,2,
1,342908,0,btc_5m,1789050900000,1,
1,251478,0,btc_5m,1789147200000,1,
1,163344,0,btc_5m,1789149600000,1,
1,241034,0,btc_5m,1789143000000,1,
1,259020,0,btc_5m,1789143300000,1,
1,159716,0,btc_5m,1789252200000,1,
1,153352,0,btc_5m,1789261500000,1,
1,300008,0,btc_5m,1789062000000,1,
1,290948,0,btc_5m,1789062300000,1,
1,104452,0,btc_5m,1789246800000,1,
1,149382,0,btc_5m,1789247400000,1,
1,262941,0,btc_5m,1789164000000,2,
1,211394,0,btc_5m,1789164300000,1,
1,189518,0,btc_5m,1789210800000,1,
1,198742,0,btc_5m,1789215300000,1,
1,158400,0,btc_5m,1789223400000,1,
1,159464,0,btc_5m,1789226100000,1,
1,317623,0,btc_5m,1789043400000,2,
1,346144,0,btc_5m,1789043700000,1,
1,374254,0,btc_5m,1789082100000,2,
1,249728,0,btc_5m,1789085700000,1,
1,284514,0,btc_5m,1789131300000,2,
1,351418,0,btc_5m,1789132200000,1,
1,171241,0,btc_5m,1789227900000,1,
1,201462,0,btc_5m,1789228500000,1,
1,178012,0,btc_5m,1789192500000,1,
1,125958,0,btc_5m,1789200300000,1,
1,225806,0,btc_5m,1789122000000,1,
1,316998,0,btc_5m,1789125000000,2,
1,258654,0,btc_5m,1789154700000,1,
1,257466,0,btc_5m,1789155300000,1,
1,282682,0,btc_5m,1789141200000,1,
1,229570,0,btc_5m,1789141500000,1,
1,215150,0,btc_5m,1789261800000,1,
1,141436,0,btc_5m,1789266600000,1,
1,156798,0,btc_5m,1789336500000,1,
1,130090,0,btc_5m,1789336800000,2,
1,153766,0,btc_5m,1789271400000,1,
1,128238,0,btc_5m,1789284300000,1,
1,209054,0,btc_5m,1789133100000,2,
1,428178,0,btc_5m,1789133400000,2,
1,190978,0,btc_5m,1789159200000,1,
1,282674,0,btc_5m,1789159800000,1,
1,179722,0,btc_5m,1789200600000,1,
1,184564,0,btc_5m,1789205700000,1,
1,194024,0,btc_5m,1789236600000,1,
1,172914,0,btc_5m,1789236900000,1,
1,335914,0,btc_5m,1789134300000,2,
1,307314,0,btc_5m,1789134600000,2,
1,334822,0,btc_5m,1789134900000,2,
1,325502,0,btc_5m,1789135200000,2,
1,159508,0,btc_5m,1789237800000,1,
1,197106,0,btc_5m,1789239900000,1,
1,222706,0,btc_5m,1789156800000,1,
1,199610,0,btc_5m,1789157400000,1,
1,351179,0,btc_5m,1789130100000,2,
1,424572,0,btc_5m,1789130400000,2,
1,341674,0,btc_5m,1789047900000,1,
1,332772,0,btc_5m,1789048800000,1,
1,277154,0,btc_5m,1789341600000,1,
1,144576,0,btc_5m,1789342200000,1,
1,149952,0,btc_5m,1789311600000,1,
1,163178,0,btc_5m,1789335000000,1,
1,323252,0,btc_5m,1789143600000,2,
1,253474,0,btc_5m,1789146000000,2,
1,220802,0,btc_5m,1789289700000,1,
1,172974,0,btc_5m,1789290900000,1,
1,284316,0,btc_5m,1789047300000,2,
1,468616,0,btc_5m,1789047600000,1,
1,241252,0,btc_5m,1789167000000,1,
1,223466,0,btc_5m,1789170000000,1,
1,350200,0,btc_5m,1789139100000,1,
1,229668,0,btc_5m,1789139400000,2,
1,325932,0,btc_5m,1789137000000,2,
1,375978,0,btc_5m,1789137300000,2,
1,292716,0,btc_5m,1789098000000,2,
1,259316,0,btc_5m,1789099800000,1,
1,286745,0,btc_5m,1789140600000,1,
1,263380,0,btc_5m,1789140900000,2,
1,151892,0,btc_5m,1789356600000,1,
1,244188,0,btc_5m,1789356900000,1,
1,299934,0,btc_5m,1789135500000,2,
1,405568,0,btc_5m,1789135800000,2,
1,226016,0,btc_5m,1789218000000,1,
1,273352,0,btc_5m,1789219500000,1,
1,343166,0,btc_5m,1789151400000,1,
1,209898,0,btc_5m,1789152900000,1,
1,156974,0,btc_5m,1789188000000,1,
1,213430,0,btc_5m,1789190700000,1,
1,351196,0,btc_5m,1789129500000,1,
1,345148,0,btc_5m,1789129800000,2,
1,232084,0,btc_5m,1789372500000,1,
1,171134,0,btc_5m,1789372800000,1,
1,177388,0,btc_5m,1789350900000,1,
1,234962,0,btc_5m,1789351500000,1,
1,182008,0,btc_5m,1789141800000,2,
1,553360,0,btc_5m,1789142100000,2,
1,323596,0,btc_5m,1789338900000,1,
1,166756,0,btc_5m,1789340100000,1,
1,258679,0,btc_5m,1789242000000,1,
1,142446,0,btc_5m,1789245600000,1,
1,284470,0,btc_5m,1789137600000,1,
1,414552,0,btc_5m,1789137900000,2,
1,511444,0,btc_5m,1789133700000,2,
1,279496,0,btc_5m,1789134000000,2,
1,168804,0,btc_5m,1789302900000,1,
1,238404,0,btc_5m,1789303200000,1,
1,278258,0,btc_5m,1789138200000,1,
1,272016,0,btc_5m,1789138800000,2,
1,191584,0,btc_5m,1789293300000,1,
1,291000,0,btc_5m,1789297200000,1,
1,218209,0,btc_5m,1789350000000,1,
1,286244,0,btc_5m,1789350600000,1,
1,276508,0,btc_5m,1789377900000,1,
1,134052,0,btc_5m,1789378200000,2,
1,351342,0,btc_5m,1789337100000,2,
1,219902,0,btc_5m,1789337700000,1,
1,349102,0,btc_5m,1789044600000,2,
1,417196,0,btc_5m,1789044900000,1,
1,202878,0,btc_5m,1789310400000,1,
1,237958,0,btc_5m,1789311000000,1,
1,247162,0,btc_5m,1789377300000,1,
1,251504,0,btc_5m,1789377600000,1,
1,354246,0,btc_5m,1789139700000,1,
1,353356,0,btc_5m,1789140000000,1,
1,203257,0,btc_5m,1789396200000,2,
1,179842,0,btc_5m,1789396500000,1,
1,278320,0,btc_5m,1789342500000,1,
1,293644,0,btc_5m,1789342800000,1,
1,233056,0,btc_5m,1789379100000,1,
1,173916,0,btc_5m,1789379400000,2,
1,290500,0,btc_5m,1789374600000,1,
1,190962,0,btc_5m,1789375500000,1,
1,213914,0,btc_5m,1789361100000,1,
1,286820,0,btc_5m,1789366200000,1,
1,235978,0,btc_5m,1789351800000,1,
1,205176,0,btc_5m,1789352700000,2,
1,248240,0,btc_5m,1789410000000,1,
1,223892,0,btc_5m,1789410900000,1,
1,219804,0,btc_5m,1789385400000,1,
1,229790,0,btc_5m,1789388100000,1,
1,256744,0,btc_5m,1789353000000,1,
1,241434,0,btc_5m,1789354200000,1,
1,470961,0,btc_5m,1789149900000,2,
1,298312,0,btc_5m,1789150200000,2,
1,268548,0,btc_5m,1789341000000,1,
1,216626,0,btc_5m,1789341300000,1,
1,493558,0,btc_5m,1789136100000,2,
1,456862,0,btc_5m,1789136700000,2,
1,258460,0,btc_5m,1789358100000,1,
1,187916,0,btc_5m,1789359300000,1,
1,183156,0,btc_5m,1789354500000,1,
1,304328,0,btc_5m,1789354800000,1,
1,230832,0,btc_5m,1789383600000,2,
1,283026,0,btc_5m,1789383900000,1,
1,234466,0,btc_5m,1789240200000,1,
1,241732,0,btc_5m,1789241100000,1,
1,316298,0,btc_5m,1789400400000,2,
1,163786,0,btc_5m,1789400700000,1,
1,177784,0,btc_5m,1789450800000,1,
1,200962,0,btc_5m,1789455000000,1,
1,161618,0,btc_5m,1789434000000,1,
1,241021,0,btc_5m,1789434900000,1,
1,293358,0,btc_5m,1789464900000,1,
1,141095,0,btc_5m,1789466100000,1,
1,177178,0,btc_5m,1789455900000,1,
1,239772,0,btc_5m,1789456500000,1,
1,229110,0,btc_5m,1789420800000,1,
1,196138,0,btc_5m,1789421700000,2,
1,288344,0,btc_5m,1789388400000,1,
1,321574,0,btc_5m,1789388700000,1,
1,199658,0,btc_5m,1789447500000,1,
1,156142,0,btc_5m,1789449000000,1,
1,252269,0,btc_5m,1789473900000,1,
1,202928,0,btc_5m,1789474200000,1,
1,293470,0,btc_5m,1789384200000,1,
1,271974,0,btc_5m,1789384500000,1,
1,378814,0,btc_5m,1789346100000,1,
1,289068,0,btc_5m,1789348200000,1,
1,308182,0,btc_5m,1789368300000,1,
1,366716,0,btc_5m,1789371900000,2,
1,272232,0,btc_5m,1789382400000,1,
1,208030,0,btc_5m,1789383000000,1,
1,149942,0,btc_5m,1789389300000,2,
1,430626,0,btc_5m,1789390500000,1,
1,156384,0,btc_5m,1789412400000,1,
1,332178,0,btc_5m,1789412700000,1,
1,175296,0,btc_5m,1789413000000,1,
1,293578,0,btc_5m,1789413900000,1,
1,272566,0,btc_5m,1789408500000,1,
1,300016,0,btc_5m,1789409700000,1,
1,331454,0,btc_5m,1789431600000,1,
1,286546,0,btc_5m,1789431900000,1,
1,218444,0,btc_5m,1789379700000,1,
1,312040,0,btc_5m,1789381200000,1,
1,287702,0,btc_5m,1789394100000,2,
1,323586,0,btc_5m,1789394700000,1,
1,243194,0,btc_5m,1789425300000,1,
1,208674,0,btc_5m,1789425900000,1,
1,260560,0,btc_5m,1789426200000,1,
1,220678,0,btc_5m,1789426800000,1,
1,281620,0,btc_5m,1789406100000,1,
1,232444,0,btc_5m,1789407300000,1,
1,243208,0,btc_5m,1789398300000,2,
1,362820,0,btc_5m,1789398900000,1,
1,359030,0,btc_5m,1789403700000,1,
1,275302,0,btc_5m,1789404000000,1,
1,297514,0,btc_5m,1789476600000,1,
1,187426,0,btc_5m,1789476900000,1,
1,305528,0,btc_5m,1789373400000,1,
1,363974,0,btc_5m,1789374300000,1,
1,313306,0,btc_5m,1789411500000,1,
1,276238,0,btc_5m,1789412100000,1,
1,185346,0,btc_5m,1789404300000,1,
1,329238,0,btc_5m,1789405500000,1,
1,284400,0,btc_5m,1789397100000,1,
1,366740,0,btc_5m,1789397700000,1,
1,330358,0,btc_5m,1789436700000,1,
1,217774,0,btc_5m,1789440900000,1,
1,344930,0,btc_5m,1789399800000,2,
1,269592,0,btc_5m,1789400100000,1,
1,271628,0,btc_5m,1789489200000,1,
1,219932,0,btc_5m,1789489800000,1,
1,329362,0,btc_5m,1789432200000,1,
1,282816,0,btc_5m,1789432500000,1,
1,272374,0,btc_5m,1789401000000,1,
1,335584,0,btc_5m,1789401300000,1,
1,312028,0,btc_5m,1789442100000,1,
1,275532,0,btc_5m,1789446000000,1,
1,181456,0,btc_5m,1789491000000,1,
1,249792,0,btc_5m,1789493400000,1,
1,249588,0,btc_5m,1789509000000,2,
1,167860,0,btc_5m,1789509300000,1,
1,270326,0,btc_5m,1789475100000,1,
1,290570,0,btc_5m,1789475400000,1,
1,240976,0,btc_5m,1789393500000,1,
1,472026,0,btc_5m,1789393800000,2,
1,233664,0,btc_5m,1789504800000,1,
1,358172,0,btc_5m,1789505400000,1,
1,299053,0,btc_5m,1789407600000,1,
1,258530,0,btc_5m,1789407900000,1,
1,242626,0,btc_5m,1789474500000,1,
1,299720,0,btc_5m,1789474800000,1,
1,224312,0,btc_5m,1789435800000,1,
1,297936,0,btc_5m,1789436400000,1,
1,211358,0,btc_5m,1789507200000,1,
1,175082,0,btc_5m,1789507500000,1,
1,218882,0,btc_5m,1789496100000,1,
1,451450,0,btc_5m,1789496400000,1,
1,255194,0,btc_5m,1789503900000,1,
1,308522,0,btc_5m,1789504200000,2,
1,246026,0,btc_5m,1789477200000,1,
1,426467,0,btc_5m,1789477500000,1,
1,277262,0,btc_5m,1789427100000,2,
1,339502,0,btc_5m,1789428300000,1,
1,412720,0,btc_5m,1789485600000,1,
1,200392,0,btc_5m,1789485900000,2,
1,334304,0,btc_5m,1789460700000,1,
1,332026,0,btc_5m,1789461000000,1,
1,270618,0,btc_5m,1789423800000,2,
1,278416,0,btc_5m,1789424700000,1,
1,260376,0,btc_5m,1789479000000,2,
1,320728,0,btc_5m,1789479300000,2,
1,183326,0,btc_5m,1789514700000,1,
1,231128,0,btc_5m,1789515600000,1,
1,406346,0,btc_5m,1789402800000,1,
1,412320,0,btc_5m,1789403400000,1,
1,377978,0,btc_5m,1789414200000,1,
1,200202,0,btc_5m,1789416900000,1,
1,333884,0,btc_5m,1789417800000,1,
1,248388,0,btc_5m,1789418100000,1,
1,254419,0,btc_5m,1789392600000,2,
1,502110,0,btc_5m,1789392900000,2,
1,286832,0,btc_5m,1789506300000,1,
1,183028,0,btc_5m,1789506900000,1,
1,338668,0,btc_5m,1789501200000,1,
1,235396,0,btc_5m,1789503000000,1,
1,299974,0,btc_5m,1789462200000,2,
1,339794,0,btc_5m,1789464000000,1,
1,379110,0,btc_5m,1789508100000,1,
1,231596,0,btc_5m,1789508400000,1,
1,215632,0,btc_5m,1789419900000,1,
1,294834,0,btc_5m,1789420500000,1,
1,197598,0,btc_5m,1789481100000,1,
1,486976,0,btc_5m,1789481400000,1,
1,160152,0,btc_5m,1789542600000,1,
1,297234,0,btc_5m,1789542900000,1,
1,255000,0,btc_5m,1789455300000,1,
1,378904,0,btc_5m,1789455600000,1,
1,349950,0,btc_5m,1789456800000,2,
1,354176,0,btc_5m,1789457700000,2,
1,247352,0,btc_5m,1789510500000,2,
1,447226,0,btc_5m,1789510800000,1,
1,339838,0,btc_5m,1789511400000,1,
1,320252,0,btc_5m,1789512900000,1,
1,189612,0,btc_5m,1789549200000,1,
1,349120,0,btc_5m,1789549500000,1,
1,287674,0,btc_5m,1789526400000,1,
1,255916,0,btc_5m,1789527300000,1,
1,457780,0,btc_5m,1789482000000,2,
1,232666,0,btc_5m,1789482600000,1,
1,211952,0,btc_5m,1789528200000,1,
1,411722,0,btc_5m,1789529400000,1,
1,186622,0,btc_5m,1789533300000,1,
1,308164,0,btc_5m,1789534500000,2,
1,328232,0,btc_5m,1789480200000,2,
1,540482,0,btc_5m,1789480800000,1,
1,384400,0,btc_5m,1789493700000,2,
1,322322,0,btc_5m,1789494000000,2,
1,345684,0,btc_5m,1789483500000,1,
1,584854,0,btc_5m,1789483800000,2,
1,422142,0,btc_5m,1789395300000,2,
1,440626,0,btc_5m,1789395900000,2,
1,285467,0,btc_5m,1789556400000,1,
1,311233,0,btc_5m,1789557300000,1,
1,401656,0,btc_5m,1789497900000,2,
1,419569,0,btc_5m,1789498200000,2,
1,432709,0,btc_5m,1789496700000,2,
1,374210,0,btc_5m,1789497000000,2,
1,395913,0,btc_5m,1789509600000,1,
1,384158,0,btc_5m,1789510200000,1,
1,358354,0,btc_5m,1789487700000,1,
1,422500,0,btc_5m,1789488000000,1,
1,345980,0,btc_5m,1789530000000,1,
1,239883,0,btc_5m,1789532700000,1,
1,293594,0,btc_5m,1789537200000,1,
1,219730,0,btc_5m,1789538100000,1,
1,346396,0,btc_5m,1789499700000,2,
1,397540,0,btc_5m,1789500000000,2,
1,287877,0,btc_5m,1789558800000,2,
1,326194,0,btc_5m,1789560900000,1,
1,313040,0,btc_5m,1789557600000,1,
1,183106,0,btc_5m,1789557900000,1,
1,219904,0,btc_5m,1789595700000,1,
1,280148,0,btc_5m,1789596300000,1,
1,475864,0,btc_5m,1789484100000,2,
1,518288,0,btc_5m,1789484400000,2,
1,417822,0,btc_5m,1789517100000,1,
1,345578,0,btc_5m,1789518000000,1,
1,340615,0,btc_5m,1789535100000,1,
1,348304,0,btc_5m,1789536300000,1,
1,472386,0,btc_5m,1789479600000,2,
1,368658,0,btc_5m,1789479900000,2,
1,249706,0,btc_5m,1789519800000,1,
1,332752,0,btc_5m,1789520100000,1,
1,356312,0,btc_5m,1789514100000,1,
1,351268,0,btc_5m,1789514400000,1,
1,332011,0,btc_5m,1789579800000,1,
1,237886,0,btc_5m,1789580100000,2,
1,244968,0,btc_5m,1789545300000,1,
1,333418,0,btc_5m,1789546500000,1,
1,429332,0,btc_5m,1789499100000,2,
1,510119,0,btc_5m,1789499400000,2,
1,392184,0,btc_5m,1789486200000,1,
1,425924,0,btc_5m,1789486500000,1,
1,389897,0,btc_5m,1789524600000,1,
1,329916,0,btc_5m,1789525800000,2,
1,439922,0,btc_5m,1789482900000,2,
1,537496,0,btc_5m,1789483200000,2,
1,438736,0,btc_5m,1789495500000,1,
1,411576,0,btc_5m,1789495800000,1,
1,373312,0,btc_5m,1789521000000,1,
1,267448,0,btc_5m,1789521600000,1,
1,500156,0,btc_5m,1789498500000,2,
1,576329,0,btc_5m,1789498800000,2,
1,304474,0,btc_5m,1789571700000,1,
1,317014,0,btc_5m,1789572000000,1,
1,293184,0,btc_5m,1789522500000,2,
1,322114,0,btc_5m,1789523100000,2,
1,248596,0,btc_5m,1789591200000,1,
1,240188,0,btc_5m,1789591500000,1,
1,258424,0,btc_5m,1789602000000,1,
1,285260,0,btc_5m,1789602900000,1,
1,156692,0,btc_5m,1789635600000,1,
1,247148,0,btc_5m,1789636800000,1,
1,300966,0,btc_5m,1789549800000,1,
1,343918,0,btc_5m,1789550100000,1,
1,348910,0,btc_5m,1789572300000,1,
1,325540,0,btc_5m,1789573500000,2,
1,550580,0,btc_5m,1789497300000,2,
1,472062,0,btc_5m,1789497600000,2,
1,342344,0,btc_5m,1789500300000,2,
1,540496,0,btc_5m,1789500600000,2,
1,479998,0,btc_5m,1789494600000,1,
1,301704,0,btc_5m,1789495200000,2,
1,283653,0,btc_5m,1789574700000,1,
1,277336,0,btc_5m,1789575000000,2,
1,341174,0,btc_5m,1789564200000,2,
1,355690,0,btc_5m,1789565100000,2,
1,311568,0,btc_5m,1789561200000,1,
1,396228,0,btc_5m,1789563000000,1,
1,317702,0,btc_5m,1789541700000,1,
1,311014,0,btc_5m,1789542300000,1,
1,293544,0,btc_5m,1789571100000,2,
1,336994,0,btc_5m,1789571400000,1,
1,344826,0,btc_5m,1789523700000,2,
1,465698,0,btc_5m,1789524300000,1,
1,429498,0,btc_5m,1789566300000,1,
1,397532,0,btc_5m,1789566600000,1,
1,157068,0,btc_5m,1789624500000,1,
1,372726,0,btc_5m,1789625100000,1,
1,477482,0,btc_5m,1789550700000,1,
1,347924,0,btc_5m,1789553100000,1,
1,429211,0,btc_5m,1789486800000,1,
1,359920,0,btc_5m,1789487400000,2,
1,280564,0,btc_5m,1789578900000,1,
1,281850,0,btc_5m,1789579200000,2,
1,243682,0,btc_5m,1789576800000,1,
1,353882,0,btc_5m,1789577400000,1,
1,232216,0,btc_5m,1789596900000,2,
1,350978,0,btc_5m,1789601100000,1,
1,313558,0,btc_5m,1789578300000,1,
1,467926,0,btc_5m,1789578600000,1,
1,468382,0,btc_5m,1789585500000,2,
1,346536,0,btc_5m,1789585800000,1,
1,430518,0,btc_5m,1789546800000,1,
1,467478,0,btc_5m,1789547100000,2,
1,381222,0,btc_5m,1789584300000,2,
1,376950,0,btc_5m,1789584600000,2,
1,234574,0,btc_5m,1789608000000,1,
1,257464,0,btc_5m,1789608300000,2,
1,364234,0,btc_5m,1789567200000,1,
1,270832,0,btc_5m,1789568100000,1,
1,391578,0,btc_5m,1789520400000,2,
1,412774,0,btc_5m,1789520700000,1,
1,420311,0,btc_5m,1789583700000,2,
1,455350,0,btc_5m,1789584000000,2,
1,393144,0,btc_5m,1789605600000,1,
1,230264,0,btc_5m,1789607100000,1,
1,309976,0,btc_5m,1789581900000,2,
1,391851,0,btc_5m,1789582200000,2,
1,251586,0,btc_5m,1789604100000,1,
1,288642,0,btc_5m,1789604700000,1,
1,333645,0,btc_5m,1789642800000,1,
1,216469,0,btc_5m,1789643700000,1,
1,211050,0,btc_5m,1789673700000,1,
1,151338,0,btc_5m,1789677000000,1,
1,239200,0,btc_5m,1789568700000,1,
1,400060,0,btc_5m,1789569300000,2,
1,226562,0,btc_5m,1789664400000,2,
1,207570,0,btc_5m,1789666500000,1,
1,380436,0,btc_5m,1789629900000,1,
1,362327,0,btc_5m,1789631100000,1,
1,277368,0,btc_5m,1789637700000,1,
1,290166,0,btc_5m,1789638300000,1,
1,250729,0,btc_5m,1789641000000,1,
1,315268,0,btc_5m,1789642500000,1,
1,354898,0,btc_5m,1789590600000,1,
1,234296,0,btc_5m,1789590900000,1,
1,364638,0,btc_5m,1789601400000,1,
1,400826,0,btc_5m,1789601700000,1,
1,608018,0,btc_5m,1789584900000,2,
1,314914,0,btc_5m,1789585200000,2,
1,329596,0,btc_5m,1789603200000,1,
1,381154,0,btc_5m,1789603800000,2,
1,234312,0,btc_5m,1789638600000,1,
1,293236,0,btc_5m,1789638900000,1,
1,395296,0,btc_5m,1789610100000,2,
1,258362,0,btc_5m,1789611600000,1,
1,463728,0,btc_5m,1789575300000,1,
1,405516,0,btc_5m,1789576200000,1,
1,321826,0,btc_5m,1789613400000,1,
1,283090,0,btc_5m,1789617000000,1,
1,474570,0,btc_5m,1789667400000,1,
1,204024,0,btc_5m,1789670400000,1,
1,246538,0,btc_5m,1789682100000,1,
1,246516,0,btc_5m,1789682400000,1,
1,370540,0,btc_5m,1789629000000,1,
1,277444,0,btc_5m,1789629600000,1,
1,350859,0,btc_5m,1789666800000,1,
1,139402,0,btc_5m,1789667100000,1,
1,209376,0,btc_5m,1789699200000,1,
1,221714,0,btc_5m,1789701000000,2,
1,276598,0,btc_5m,1789661100000,1,
1,336375,0,btc_5m,1789662600000,1,
1,359473,0,btc_5m,1789654500000,1,
1,288273,0,btc_5m,1789654800000,2,
1,349256,0,btc_5m,1789583100000,2,
1,454014,0,btc_5m,1789583400000,2,
1,449514,0,btc_5m,1789588200000,1,
1,455707,0,btc_5m,1789589100000,1,
1,495686,0,btc_5m,1789633800000,1,
1,188718,0,btc_5m,1789634400000,1,
1,270350,0,btc_5m,1789679400000,1,
1,260674,0,btc_5m,1789680900000,1,
1,356250,0,btc_5m,1789617300000,1,
1,413070,0,btc_5m,1789621200000,1,
1,332686,0,btc_5m,1789685100000,1,
1,163580,0,btc_5m,1789685400000,1,
1,430206,0,btc_5m,1789580700000,1,
1,632582,0,btc_5m,1789581600000,2,
1,214456,0,btc_5m,1789697400000,2,
1,244702,0,btc_5m,1789698300000,1,
1,312104,0,btc_5m,1789663500000,1,
1,418140,0,btc_5m,1789664100000,1,
1,536412,0,btc_5m,1789586100000,1,
1,376814,0,btc_5m,1789586400000,2,
1,309126,0,btc_5m,1789670700000,1,
1,232279,0,btc_5m,1789671000000,1,
1,272716,0,btc_5m,1789659900000,2,
1,344602,0,btc_5m,1789660200000,1,
1,516124,0,btc_5m,1789587300000,2,
1,316912,0,btc_5m,1789587900000,1,
1,262342,0,btc_5m,1789701300000,2,
1,230134,0,btc_5m,1789701600000,2,
1,351794,0,btc_5m,1789662900000,1,
1,383559,0,btc_5m,1789663200000,1,
1,316042,0,btc_5m,1789678200000,1,
1,314209,0,btc_5m,1789678800000,1,
1,389136,0,btc_5m,1789605000000,1,
1,459950,0,btc_5m,1789605300000,1,
1,456781,0,btc_5m,1789649700000,1,
1,340450,0,btc_5m,1789650000000,2,
1,429488,0,btc_5m,1789709700000,1,
1,221408,0,btc_5m,1789710300000,1,
1,320084,0,btc_5m,1789683000000,1,
1,206312,0,btc_5m,1789683300000,1,
1,406864,0,btc_5m,1789569600000,2,
1,547260,0,btc_5m,1789570200000,1,
1,258531,0,btc_5m,1789685700000,1,
1,332812,0,btc_5m,1789688100000,1,
1,343856,0,btc_5m,1789694100000,1,
1,280602,0,btc_5m,1789694400000,1,
1,244122,0,btc_5m,1789720800000,1,
1,224342,0,btc_5m,1789721700000,1,
1,491438,0,btc_5m,1789565400000,2,
1,581322,0,btc_5m,1789565700000,1,
1,479007,0,btc_5m,1789608600000,1,
1,316102,0,btc_5m,1789609800000,1,
1,369852,0,btc_5m,1789653600000,1,
1,471475,0,btc_5m,1789653900000,1,
1,356630,0,btc_5m,1789589400000,2,
1,406356,0,btc_5m,1789590000000,2,
1,348991,0,btc_5m,1789652100000,1,
1,335326,0,btc_5m,1789652700000,1,
1,401298,0,btc_5m,1789612200000,1,
1,428864,0,btc_5m,1789612800000,1,
1,323632,0,btc_5m,1789708500000,1,
1,397420,0,btc_5m,1789708800000,1,
1,259526,0,btc_5m,1789722000000,1,
1,354212,0,btc_5m,1789722300000,1,
1,288538,0,btc_5m,1789726200000,2,
1,174072,0,btc_5m,1789728000000,1,
1,326536,0,btc_5m,1789632600000,1,
1,338260,0,btc_5m,1789632900000,1,
1,716920,0,btc_5m,1789582500000,2,
1,479218,0,btc_5m,1789582800000,2,
1,297071,0,btc_5m,1789709100000,1,
1,333320,0,btc_5m,1789709400000,1,
1,339075,0,btc_5m,1789688400000,1,
1,327790,0,btc_5m,1789689900000,1,
1,642200,0,btc_5m,1789586700000,2,
1,406157,0,btc_5m,1789587000000,1,
1,406880,0,btc_5m,1789707600000,2,
1,284644,0,btc_5m,1789707900000,1,
1,276656,0,btc_5m,1789647300000,1,
1,666016,0,btc_5m,1789648200000,2,
1,359732,0,btc_5m,1789717200000,1,
1,208630,0,btc_5m,1789717800000,1,
1,238775,0,btc_5m,1789711200000,1,
1,387890,0,btc_5m,1789711500000,1,
1,432268,0,btc_5m,1789695900000,1,
1,325964,0,btc_5m,1789696500000,1,
1,387726,0,btc_5m,1789713300000,2,
1,275612,0,btc_5m,1789713600000,1,
1,403578,0,btc_5m,1789646400000,1,
1,504820,0,btc_5m,1789646700000,1,
1,453765,0,btc_5m,1789637100000,1,
1,336812,0,btc_5m,1789637400000,1,
1,364056,0,btc_5m,1789711800000,1,
1,310168,0,btc_5m,1789712100000,1,
1,308496,0,btc_5m,1789701900000,1,
1,389774,0,btc_5m,1789702200000,1,
1,400832,0,btc_5m,1789655100000,1,
1,321014,0,btc_5m,1789657200000,1,
1,236268,0,btc_5m,1789732500000,1,
1,439598,0,btc_5m,1789733100000,1,
1,259188,0,btc_5m,1789729500000,2,
1,454137,0,btc_5m,1789730700000,1,
1,328679,0,btc_5m,1789725600000,1,
1,332386,0,btc_5m,1789725900000,1,
1,308513,0,btc_5m,1789759500000,1,
1,250180,0,btc_5m,1789760400000,1,
1,164106,0,btc_5m,1789844100000,1,
1,149440,0,btc_5m,1789851000000,1,
1,296582,0,btc_5m,1789765800000,1,
1,187189,0,btc_5m,1789766100000,1,
1,311378,0,btc_5m,1789739100000,2,
1,296510,0,btc_5m,1789739400000,2,
1,196865,0,btc_5m,1789728300000,1,
1,359022,0,btc_5m,1789728600000,1,
1,225109,0,btc_5m,1789815300000,1,
1,293046,0,btc_5m,1789816200000,1,
1,207048,0,btc_5m,1789833900000,1,
1,156144,0,btc_5m,1789834200000,1,
1,425462,0,btc_5m,1789723200000,1,
1,205154,0,btc_5m,1789724100000,1,
1,417844,0,btc_5m,1789650600000,1,
1,466088,0,btc_5m,1789651800000,1,
1,384585,0,btc_5m,1789720200000,1,
1,283710,0,btc_5m,1789720500000,2,
1,258302,0,btc_5m,1789783800000,2,
1,220530,0,btc_5m,1789785000000,1,
1,409728,0,btc_5m,1789724400000,1,
1,173566,0,btc_5m,1789724700000,1,
1,558507,0,btc_5m,1789703400000,1,
1,320710,0,btc_5m,1789705500000,1,
1,437714,0,btc_5m,1789693200000,1,
1,376540,0,btc_5m,1789693800000,1,
1,326022,0,btc_5m,1789715700000,1,
1,341934,0,btc_5m,1789716000000,1,
1,317642,0,btc_5m,1789734900000,1,
1,302128,0,btc_5m,1789735500000,1,
1,365618,0,btc_5m,1789715100000,2,
1,356592,0,btc_5m,1789715400000,1,
1,272866,0,btc_5m,1789731000000,1,
1,300536,0,btc_5m,1789731900000,1,
1,264264,0,btc_5m,1789712400000,1,
1,406484,0,btc_5m,1789712700000,1,
1,311044,0,btc_5m,1789740900000,2,
1,382522,0,btc_5m,1789741200000,2,
1,452846,0,btc_5m,1789718100000,1,
1,207440,0,btc_5m,1789719600000,1,
1,323023,0,btc_5m,1789735800000,1,
1,370236,0,btc_5m,1789738200000,1,
1,206260,0,btc_5m,1789853400000,2,
1,254796,0,btc_5m,1789854000000,1,
1,335098,0,btc_5m,1789741500000,2,
1,452117,0,btc_5m,1789741800000,2,
1,205634,0,btc_5m,1789831800000,1,
1,231752,0,btc_5m,1789832400000,1,
1,279688,0,btc_5m,1789859100000,1,
1,259882,0,btc_5m,1789859400000,1,
1,478281,0,btc_5m,1789648500000,1,
1,347101,0,btc_5m,1789649100000,1,
1,258862,0,btc_5m,1789859700000,1,
1,163208,0,btc_5m,1789863900000,1,
1,200252,0,btc_5m,1789754400000,1,
1,521778,0,btc_5m,1789755300000,1,
1,268062,0,btc_5m,1789787100000,1,
1,321536,0,btc_5m,1789804500000,1,
1,186768,0,btc_5m,1789855500000,1,
1,317790,0,btc_5m,1789855800000,1,
1,441823,0,btc_5m,1789734000000,1,
1,368528,0,btc_5m,1789734600000,1,
1,159546,0,btc_5m,1789833300000,1,
1,283850,0,btc_5m,1789833600000,2,
1,394614,0,btc_5m,1789739700000,2,
1,414646,0,btc_5m,1789740000000,2,
1,197902,0,btc_5m,1789766400000,1,
1,344222,0,btc_5m,1789767000000,1,
1,457314,0,btc_5m,1789744800000,1,
1,432468,0,btc_5m,1789745100000,2,
1,348774,0,btc_5m,1789745400000,1,
1,497878,0,btc_5m,1789746300000,2,
1,222666,0,btc_5m,1789816500000,1,
1,250014,0,btc_5m,1789818000000,1,
1,355712,0,btc_5m,1789781700000,1,
1,284620,0,btc_5m,1789782600000,2,
1,347950,0,btc_5m,1789805700000,1,
1,266064,0,btc_5m,1789806000000,2,
1,394118,0,btc_5m,1789777200000,1,
1,333156,0,btc_5m,1789779000000,1,
1,420612,0,btc_5m,1789767600000,1,
1,268469,0,btc_5m,1789767900000,1,
1,268532,0,btc_5m,1789779300000,2,
1,523128,0,btc_5m,1789779600000,1,
1,265874,0,btc_5m,1789770600000,1,
1,260722,0,btc_5m,1789770900000,1,
1,447490,0,btc_5m,1789738500000,1,
1,385300,0,btc_5m,1789738800000,2,
1,208458,0,btc_5m,1789819500000,1,
1,415206,0,btc_5m,1789819800000,1,
1,276002,0,btc_5m,1789779900000,1,
1,292112,0,btc_5m,1789781100000,1,
1,142978,0,btc_5m,1789951500000,2,
1,173720,0,btc_5m,1789953600000,1,
1,219382,0,btc_5m,1789918200000,1,
1,308186,0,btc_5m,1789918800000,1,
1,288315,0,btc_5m,1789820100000,1,
1,248980,0,btc_5m,1789821600000,1,
1,481986,0,btc_5m,1789751700000,2,
1,359868,0,btc_5m,1789753800000,1,
1,538808,0,btc_5m,1789742100000,2,
1,445948,0,btc_5m,1789742400000,2,
1,237570,0,btc_5m,1789756800000,1,
1,485432,0,btc_5m,1789758000000,1,
1,265527,0,btc_5m,1789824600000,2,
1,396495,0,btc_5m,1789829100000,1,
1,519791,0,btc_5m,1789768800000,1,
1,368448,0,btc_5m,1789770000000,1,
1,299878,0,btc_5m,1789722600000,1,
1,506965,0,btc_5m,1789722900000,1,
1,559376,0,btc_5m,1789756200000,1,
1,343670,0,btc_5m,1789756500000,1,
1,275717,0,btc_5m,1789812300000,2,
1,298890,0,btc_5m,1789814400000,1,
1,365614,0,btc_5m,1789761900000,2,
1,380072,0,btc_5m,1789762500000,1,
1,386662,0,btc_5m,1789835100000,1,
1,236814,0,btc_5m,1789835700000,2,
1,389964,0,btc_5m,1789829700000,1,
1,449214,0,btc_5m,1789830600000,2,
1,353990,0,btc_5m,1789887900000,1,
1,229662,0,btc_5m,1789888500000,1,
1,339548,0,btc_5m,1789822800000,1,
1,403776,0,btc_5m,1789823400000,1,
1,516370,0,btc_5m,1789748700000,1,
1,305458,0,btc_5m,1789749000000,1,
1,313360,0,btc_5m,1789888800000,1,
1,322876,0,btc_5m,1789889100000,1,
1,333676,0,btc_5m,1789927500000,1,
1,152844,0,btc_5m,1789930200000,1,
1,341970,0,btc_5m,1789948200000,1,
1,184048,0,btc_5m,1789948800000,2,
1,483564,0,btc_5m,1789742700000,1,
1,710966,0,btc_5m,1789743000000,2,
1,234426,0,btc_5m,1789939200000,1,
1,276104,0,btc_5m,1789941000000,1,
1,287152,0,btc_5m,1789881600000,1,
1,280289,0,btc_5m,1789881900000,2,
1,209002,0,btc_5m,1789949100000,1,
1,331638,0,btc_5m,1789949400000,1,
1,618420,0,btc_5m,1789743900000,1,
1,280502,0,btc_5m,1789744500000,2,
1,548923,0,btc_5m,1789758900000,2,
1,338706,0,btc_5m,1789759200000,1,
1,222268,0,btc_5m,1789942200000,1,
1,178332,0,btc_5m,1789942500000,2,
1,317812,0,btc_5m,1789749600000,1,
1,449650,0,btc_5m,1789750500000,1,
1,251592,0,btc_5m,1789870500000,1,
1,592626,0,btc_5m,1789872300000,2,
1,397218,0,btc_5m,1789880100000,1,
1,248980,0,btc_5m,1789881000000,1,
1,315468,0,btc_5m,1789866900000,1,
1,377616,0,btc_5m,1789868700000,1,
1,617873,0,btc_5m,1789743300000,2,
1,543218,0,btc_5m,1789743600000,2,
1,390710,0,btc_5m,1789748100000,2,
1,467396,0,btc_5m,1789748400000,1,
1,576404,0,btc_5m,1789740300000,2,
1,494334,0,btc_5m,1789740600000,2,
1,388154,0,btc_5m,1789938300000,1,
1,186156,0,btc_5m,1789938600000,2,
1,433244,0,btc_5m,1789716600000,2,
1,463484,0,btc_5m,1789716900000,1,
1,357122,0,btc_5m,1789775700000,1,
1,391734,0,btc_5m,1789776300000,1,
1,287098,0,btc_5m,1789941300000,1,
1,311850,0,btc_5m,1789941600000,1,
1,320812,0,btc_5m,1789762800000,1,
1,477849,0,btc_5m,1789764300000,1,
1,287038,0,btc_5m,1789925700000,1,
1,419625,0,btc_5m,1789926300000,1,
1,482276,0,btc_5m,1789932900000,1,
1,211209,0,btc_5m,1789933500000,1,
1,407016,0,btc_5m,1789760700000,1,
1,630666,0,btc_5m,1789761300000,1,
1,295938,0,btc_5m,1789924500000,1,
1,361220,0,btc_5m,1789924800000,1,
1,424788,0,btc_5m,1789884300000,1,
1,428638,0,btc_5m,1789885800000,1,
1,500508,0,btc_5m,1789897200000,1,
1,160882,0,btc_5m,1789898700000,1,
1,487006,0,btc_5m,1789750800000,1,
1,400954,0,btc_5m,1789751400000,1,
1,510448,0,btc_5m,1789764600000,1,
1,268931,0,btc_5m,1789765200000,1,
1,329060,0,btc_5m,1789886700000,1,
1,434966,0,btc_5m,1789887300000,1,
1,322424,0,btc_5m,1789874100000,1,
1,377564,0,btc_5m,1789875600000,2,
1,358736,0,btc_5m,1789878300000,1,
1,388678,0,btc_5m,1789879500000,1,
1,354516,0,btc_5m,1789966500000,1,
1,230976,0,btc_5m,1789968300000,2,
1,244104,0,btc_5m,1789935300000,1,
1,431161,0,btc_5m,1789937100000,1,
1,291720,0,btc_5m,1789979400000,2,
1,228728,0,btc_5m,1789979700000,2,
1,476672,0,btc_5m,1789872900000,2,
1,516530,0,btc_5m,1789873200000,1,
1,335980,0,btc_5m,1789969500000,1,
1,249404,0,btc_5m,1789970400000,1,
1,290681,0,btc_5m,1789926600000,1,
1,393164,0,btc_5m,1789926900000,1,
1,331194,0,btc_5m,1789976700000,1,
1,163284,0,btc_5m,1789977600000,1,
1,199550,0,btc_5m,1789978800000,1,
1,399902,0,btc_5m,1789979100000,1,
1,343050,0,btc_5m,1789955100000,1,
1,324926,0,btc_5m,1789955400000,2,
1,415488,0,btc_5m,1789947000000,1,
1,278722,0,btc_5m,1789947300000,1,
1,271294,0,btc_5m,1789957800000,1,
1,330694,0,btc_5m,1789959300000,1,
1,405882,0,btc_5m,1789902000000,1,
1,345230,0,btc_5m,1789904100000,1,
1,295352,0,btc_5m,1789906200000,1,
1,390682,0,btc_5m,1789908600000,1,
1,273266,0,btc_5m,1789944600000,1,
1,339462,0,btc_5m,1789945500000,1,
1,365902,0,btc_5m,1789876200000,1,
1,353576,0,btc_5m,1789876500000,1,
1,283888,0,btc_5m,1789953900000,2,
1,331022,0,btc_5m,1789954200000,1,
1,335974,0,btc_5m,1789971900000,1,
1,162674,0,btc_5m,1789973100000,1,
1,295816,0,btc_5m,1789922100000,1,
1,483440,0,btc_5m,1789922400000,1,
1,362086,0,btc_5m,1789956600000,1,
1,439668,0,btc_5m,1789957500000,1,
1,283176,0,btc_5m,1789959600000,1,
1,448800,0,btc_5m,1789964400000,1,
1,380708,0,btc_5m,1789974000000,1,
1,214732,0,btc_5m,1789976100000,1,
1,299696,0,btc_5m,1789920600000,1,
1,547858,0,btc_5m,1789920900000,2,
1,456021,0,btc_5m,1789746900000,1,
1,530987,0,btc_5m,1789747200000,1,
1,377346,0,btc_5m,1789892100000,1,
1,484717,0,btc_5m,1789894200000,1,
1,472070,0,btc_5m,1789982400000,1,
1,342254,0,btc_5m,1789982700000,2,
1,326586,0,btc_5m,1789987200000,1,
1,319500,0,btc_5m,1789987500000,1,
1,295964,0,btc_5m,1789981500000,1,
1,287900,0,btc_5m,1789982100000,2,
1,362380,0,btc_5m,1789947600000,1,
1,496902,0,btc_5m,1789947900000,1,
1,275304,0,btc_5m,1790032200000,1,
1,216506,0,btc_5m,1790034000000,1,
1,556492,0,btc_5m,1789988700000,1,
1,462566,0,btc_5m,1789989300000,1,
1,322136,0,btc_5m,1789998300000,2,
1,441044,0,btc_5m,1789998600000,2,
1,368135,0,btc_5m,1789922700000,1,
1,560323,0,btc_5m,1789923000000,1,
1,397248,0,btc_5m,1789923900000,1,
1,393336,0,btc_5m,1789924200000,1,
1,620606,0,btc_5m,1789955700000,2,
1,447676,0,btc_5m,1789956000000,2,
1,234882,0,btc_5m,1790020500000,1,
1,339115,0,btc_5m,1790022300000,2,
1,504478,0,btc_5m,1789949700000,2,
1,528380,0,btc_5m,1789950000000,1,
1,358298,0,btc_5m,1790037900000,1,
1,286408,0,btc_5m,1790038200000,2,
1,202990,0,btc_5m,1790061600000,2,
1,280190,0,btc_5m,1790061900000,1,
1,349508,0,btc_5m,1789993800000,2,
1,434016,0,btc_5m,1789994100000,1,
1,212928,0,btc_5m,1790047500000,1,
1,295872,0,btc_5m,1790047800000,1,
1,310721,0,btc_5m,1789986000000,1,
1,438792,0,btc_5m,1789986300000,1,
1,286538,0,btc_5m,1790053800000,1,
1,181692,0,btc_5m,1790054700000,1,
1,388512,0,btc_5m,1789995600000,2,
1,348290,0,btc_5m,1789995900000,2,
1,668605,0,btc_5m,1789983000000,2,
1,481296,0,btc_5m,1789983300000,2,
1,193222,0,btc_5m,1790066100000,1,
1,347934,0,btc_5m,1790066400000,2,
1,196424,0,btc_5m,1790061000000,1,
1,310168,0,btc_5m,1790061300000,1,
1,195930,0,btc_5m,1790037300000,1,
1,485550,0,btc_5m,1790037600000,1,
1,597927,0,btc_5m,1790001600000,2,
1,398762,0,btc_5m,1790001900000,1,
1,313578,0,btc_5m,1790010300000,1,
1,410265,0,btc_5m,1790010600000,1,
1,353694,0,btc_5m,1790015100000,1,
1,449964,0,btc_5m,1790015700000,1,
1,479534,0,btc_5m,1790023200000,1,
1,269554,0,btc_5m,1790023800000,1,
1,463637,0,btc_5m,1789999500000,2,
1,593692,0,btc_5m,1789999800000,2,
1,159996,0,btc_5m,1790097600000,1,
1,295870,0,btc_5m,1790098500000,1,
1,207258,0,btc_5m,1790101200000,1,
1,182840,0,btc_5m,1790101500000,1,
1,483902,0,btc_5m,1789992000000,2,
1,342762,0,btc_5m,1789992300000,1,
1,297784,0,btc_5m,1790040000000,2,
1,358084,0,btc_5m,1790043000000,1,
1,513509,0,btc_5m,1790000100000,2,
1,387192,0,btc_5m,1790000400000,1,
1,509103,0,btc_5m,1789986600000,2,
1,393270,0,btc_5m,1789986900000,2,
1,394390,0,btc_5m,1790028000000,1,
1,276902,0,btc_5m,1790029200000,1,
1,346337,0,btc_5m,1789984200000,2,
1,508276,0,btc_5m,1789984500000,2,
1,560091,0,btc_5m,1789992600000,2,
1,403148,0,btc_5m,1789992900000,1,
1,328008,0,btc_5m,1789996200000,1,
1,518396,0,btc_5m,1789996500000,1,
1,672874,0,btc_5m,1789993200000,2,
1,341992,0,btc_5m,1789993500000,1,
1,434468,0,btc_5m,1789985400000,1,
1,533544,0,btc_5m,1789985700000,1,
1,260578,0,btc_5m,1790065500000,1,
1,459441,0,btc_5m,1790065800000,1,
1,514181,0,btc_5m,1790003700000,2,
1,385292,0,btc_5m,1790004000000,2,
1,407952,0,btc_5m,1790078100000,1,
1,165674,0,btc_5m,1790079600000,1,
1,732482,0,btc_5m,1789980600000,2,
1,411150,0,btc_5m,1789981200000,2,
1,411500,0,btc_5m,1790048400000,1,
1,434390,0,btc_5m,1790049900000,1,
1,524456,0,btc_5m,1790024100000,1,
1,288536,0,btc_5m,1790024700000,1,
1,406506,0,btc_5m,1789990200000,2,
1,530898,0,btc_5m,1789990800000,1,
1,238838,0,btc_5m,1790064000000,1,
1,372518,0,btc_5m,1790064600000,1,
1,369734,0,btc_5m,1790066700000,2,
1,232506,0,btc_5m,1790067600000,1,
1,339432,0,btc_5m,1790029500000,2,
1,352924,0,btc_5m,1790031000000,1,
1,375004,0,btc_5m,1790035500000,1,
1,385648,0,btc_5m,1790036700000,1,
1,434864,0,btc_5m,1790043600000,1,
1,211116,0,btc_5m,1790045400000,1,
1,466408,0,btc_5m,1790046900000,2,
1,284524,0,btc_5m,1790047200000,1,
1,307738,0,btc_5m,1790022600000,2,
1,569249,0,btc_5m,1790022900000,2,
1,282754,0,btc_5m,1790086200000,1,
1,328996,0,btc_5m,1790087400000,2,
1,375236,0,btc_5m,1790016000000,1,
1,512795,0,btc_5m,1790016300000,1,
1,266394,0,btc_5m,1790038500000,2,
1,368330,0,btc_5m,1790038800000,2,
1,287096,0,btc_5m,1790081700000,1,
1,416113,0,btc_5m,1790082300000,2,
1,313843,0,btc_5m,1790112900000,1,
1,217814,0,btc_5m,1790113800000,1,
1,291314,0,btc_5m,1790105400000,1,
1,303010,0,btc_5m,1790105700000,1,
1,538014,0,btc_5m,1789997700000,2,
1,545958,0,btc_5m,1789998000000,2,
1,398468,0,btc_5m,1790019300000,2,
1,398916,0,btc_5m,1790019600000,2,
1,573856,0,btc_5m,1790007600000,1,
1,545869,0,btc_5m,1790010000000,1,
1,233344,0,btc_5m,1790136000000,1,
1,203228,0,btc_5m,1790136600000,1,
1,579272,0,btc_5m,1790002200000,2,
1,444366,0,btc_5m,1790002500000,1,
1,743824,0,btc_5m,1789980000000,2,
1,576138,0,btc_5m,1789980300000,2,
1,584198,0,btc_5m,1790004900000,1,
1,551654,0,btc_5m,1790005200000,1,
1,330328,0,btc_5m,1790100300000,1,
1,377160,0,btc_5m,1790100600000,2,
1,576540,0,btc_5m,1790018400000,2,
1,384381,0,btc_5m,1790019000000,2,
1,750764,0,btc_5m,1789983600000,2,
1,603884,0,btc_5m,1789983900000,2,
1,284202,0,btc_5m,1790085600000,1,
1,448690,0,btc_5m,1790085900000,1,
1,442656,0,btc_5m,1790005500000,1,
1,519388,0,btc_5m,1790006100000,1,
1,250986,0,btc_5m,1790112300000,1,
1,347950,0,btc_5m,1790112600000,1,
1,510197,0,btc_5m,1790075400000,1,
1,255848,0,btc_5m,1790077500000,1,
1,572458,0,btc_5m,1790011800000,1,
1,508479,0,btc_5m,1790012100000,1,
1,339720,0,btc_5m,1790051700000,1,
1,430992,0,btc_5m,1790053200000,1,
1,346018,0,btc_5m,1790108700000,1,
1,272964,0,btc_5m,1790110200000,1,
1,225146,0,btc_5m,1790125200000,1,
1,315708,0,btc_5m,1790125800000,1,
1,381923,0,btc_5m,1790069700000,1,
1,337731,0,btc_5m,1790070600000,1,
1,467744,0,btc_5m,1790067900000,1,
1,379298,0,btc_5m,1790068200000,2,
1,549589,0,btc_5m,1789984800000,2,
1,556550,0,btc_5m,1789985100000,2,
1,494409,0,btc_5m,1790107500000,1,
1,322082,0,btc_5m,1790107800000,1,
1,385252,0,btc_5m,1790083800000,2,
1,379538,0,btc_5m,1790084100000,2,
1,444896,0,btc_5m,1789997100000,2,
1,681988,0,btc_5m,1789997400000,2,
1,412582,0,btc_5m,1790025000000,1,
1,475124,0,btc_5m,1790026500000,1,
1,448307,0,btc_5m,1790104200000,1,
1,243688,0,btc_5m,1790104500000,1,
1,467678,0,btc_5m,1790050200000,1,
1,476965,0,btc_5m,1790050800000,1,
1,259456,0,btc_5m,1790114100000,1,
1,341550,0,btc_5m,1790114400000,2,
1,507754,0,btc_5m,1790004300000,1,
1,546762,0,btc_5m,1790004600000,1,
1,641941,0,btc_5m,1790007000000,1,
1,379867,0,btc_5m,1790007300000,1,
1,347656,0,btc_5m,1790045700000,1,
1,373890,0,btc_5m,1790046600000,1,
1,353446,0,btc_5m,1790002800000,2,
1,755344,0,btc_5m,1790003400000,2,
1,490522,0,btc_5m,1790101800000,1,
1,438250,0,btc_5m,1790103300000,1,
1,281340,0,btc_5m,1790115000000,1,
1,397246,0,btc_5m,1790116500000,1,
1,752578,0,btc_5m,1790000700000,1,
1,505700,0,btc_5m,1790001000000,2,
1,476418,0,btc_5m,1790080500000,1,
1,410620,0,btc_5m,1790081400000,1,
1,372720,0,btc_5m,1790121900000,1,
1,349378,0,btc_5m,1790123400000,1,
1,208030,0,btc_5m,1790118300000,1,
1,419266,0,btc_5m,1790118600000,1,
1,247094,0,btc_5m,1790091600000,1,
1,601846,0,btc_5m,1790091900000,2,
1,340938,0,btc_5m,1790168700000,1,
1,232334,0,btc_5m,1790169000000,1,
1,418663,0,btc_5m,1790093100000,2,
1,339810,0,btc_5m,1790094300000,1,
1,228988,0,btc_5m,1790137200000,1,
1,566984,0,btc_5m,1790137500000,1,
1,335158,0,btc_5m,1790126100000,1,
1,403272,0,btc_5m,1790126400000,1,
1,339400,0,btc_5m,1790090100000,1,
1,538390,0,btc_5m,1790091000000,1,
1,262026,0,btc_5m,1790137800000,1,
1,343330,0,btc_5m,1790138100000,1,
1,321042,0,btc_5m,1790110500000,1,
1,362786,0,btc_5m,1790111100000,1,
1,457400,0,btc_5m,1790070900000,1,
1,351314,0,btc_5m,1790072700000,2,
1,430490,0,btc_5m,1790097000000,2,
1,304870,0,btc_5m,1790097300000,2,
1,548768,0,btc_5m,1790006400000,2,
1,405984,0,btc_5m,1790006700000,2,
1,338213,0,btc_5m,1790130900000,1,
1,278068,0,btc_5m,1790134800000,2,
1,475272,0,btc_5m,1790123700000,1,
1,334606,0,btc_5m,1790124000000,2,
1,340534,0,btc_5m,1790068800000,1,
1,496173,0,btc_5m,1790069400000,1,
1,606928,0,btc_5m,1790094600000,1,
1,257230,0,btc_5m,1790095800000,1,
1,684838,0,btc_5m,1789998900000,2,
1,556006,0,btc_5m,1789999200000,2,
1,327671,0,btc_5m,1790155200000,2,
1,296246,0,btc_5m,1790157000000,1,
1,594595,0,btc_5m,1790088600000,1,
1,403944,0,btc_5m,1790089800000,2,
1,489350,0,btc_5m,1790096100000,1,
1,317626,0,btc_5m,1790096400000,2,
1,211518,0,btc_5m,1790142600000,2,
1,420213,0,btc_5m,1790143500000,1,
1,532914,0,btc_5m,1790092500000,2,
1,477054,0,btc_5m,1790092800000,1,
1,222140,0,btc_5m,1790242200000,2,
1,249708,0,btc_5m,1790242500000,2,
1,372430,0,btc_5m,1790119800000,1,
1,402314,0,btc_5m,1790120400000,2,
1,363784,0,btc_5m,1790099700000,1,
1,432672,0,btc_5m,1790100000000,1,
1,395058,0,btc_5m,1790157600000,1,
1,261044,0,btc_5m,1790158800000,1,
1,174381,0,btc_5m,1790161800000,1,
1,446916,0,btc_5m,1790165100000,2,
1,377146,0,btc_5m,1790252100000,1,
1,246886,0,btc_5m,1790252700000,1,
1,204290,0,btc_5m,1790335200000,1,
1,212290,0,btc_5m,1790335800000,1,
1,330738,0,btc_5m,1790154300000,1,
1,320326,0,btc_5m,1790154900000,2,
1,347050,0,btc_5m,1790215200000,1,
1,330262,0,btc_5m,1790215500000,1,
1,354436,0,btc_5m,1790179200000,2,
1,218080,0,btc_5m,1790179500000,2,
1,299531,0,btc_5m,1790198400000,1,
1,244154,0,btc_5m,1790214900000,1,
1,406872,0,btc_5m,1790239800000,2,
1,319438,0,btc_5m,1790240100000,1,
1,335528,0,btc_5m,1790144400000,1,
1,500420,0,btc_5m,1790145000000,1,
1,335412,0,btc_5m,1790314200000,1,
1,99946,0,btc_5m,1790316600000,2,
1,284030,0,btc_5m,1790223000000,1,
1,275286,0,btc_5m,1790235000000,1,
1,400018,0,btc_5m,1790148900000,2,
1,311254,0,btc_5m,1790149800000,1,
1,378626,0,btc_5m,1790170200000,1,
1,325516,0,btc_5m,1790170500000,1,
1,373592,0,btc_5m,1790141700000,2,
1,327662,0,btc_5m,1790142000000,1,
1,541546,0,btc_5m,1790084400000,1,
1,665946,0,btc_5m,1790085000000,1,
1,187354,0,btc_5m,1790288100000,1,
1,269022,0,btc_5m,1790292000000,1,
1,339629,0,btc_5m,1790303400000,1,
1,149738,0,btc_5m,1790304300000,1,
1,367378,0,btc_5m,1790151600000,1,
1,279144,0,btc_5m,1790153100000,1,
1,199916,0,btc_5m,1790283300000,1,
1,348116,0,btc_5m,1790283600000,1,
1,402985,0,btc_5m,1790159400000,1,
1,298353,0,btc_5m,1790161200000,1,
1,252832,0,btc_5m,1790294700000,1,
1,224320,0,btc_5m,1790295000000,1,
1,355560,0,btc_5m,1790172900000,2,
1,414250,0,btc_5m,1790173200000,2,
1,510602,0,btc_5m,1790146200000,1,
1,310382,0,btc_5m,1790146800000,1,
1,233031,0,btc_5m,1790286000000,1,
1,353648,0,btc_5m,1790287200000,1,
1,162394,0,btc_5m,1790258100000,1,
1,389094,0,btc_5m,1790258700000,1,
1,390716,0,btc_5m,1790238600000,2,
1,387659,0,btc_5m,1790238900000,2,
1,423968,0,btc_5m,1790172000000,1,
1,350702,0,btc_5m,1790172600000,2,
1,328470,0,btc_5m,1790235900000,1,
1,238450,0,btc_5m,1790238300000,2,
1,325278,0,btc_5m,1790165400000,1,
1,370126,0,btc_5m,1790165700000,2,
1,129078,0,btc_5m,1790413800000,1,
1,151998,0,btc_5m,1790428200000,1,
1,609780,0,btc_5m,1790173500000,2,
1,444256,0,btc_5m,1790173800000,2,
1,456744,0,btc_5m,1790180400000,1,
1,317476,0,btc_5m,1790181900000,1,
1,275478,0,btc_5m,1790276700000,1,
1,233256,0,btc_5m,1790279700000,2,
1,160348,0,btc_5m,1790400300000,1,
1,127106,0,btc_5m,1790401800000,1,
1,486598,0,btc_5m,1790128800000,1,
1,504637,0,btc_5m,1790129400000,1,
1,324574,0,btc_5m,1790220300000,1,
1,341300,0,btc_5m,1790222400000,1,
1,436910,0,btc_5m,1790170800000,1,
1,289542,0,btc_5m,1790171100000,1,
1,404566,0,btc_5m,1790250600000,1,
1,265416,0,btc_5m,1790251200000,1,
1,366010,0,btc_5m,1790270400000,1,
1,314288,0,btc_5m,1790272200000,1,
1,470742,0,btc_5m,1790098800000,1,
1,439763,0,btc_5m,1790099100000,1,
1,234230,0,btc_5m,1790273700000,1,
1,330220,0,btc_5m,1790274900000,1,
1,230282,0,btc_5m,1790266500000,2,
1,482204,0,btc_5m,1790266800000,2,
1,314194,0,btc_5m,1790261100000,1,
1,380995,0,btc_5m,1790261400000,2,
1,399254,0,btc_5m,1790296500000,1,
1,249056,0,btc_5m,1790301600000,1,
1,256738,0,btc_5m,1790244900000,1,
1,403736,0,btc_5m,1790245500000,1,
1,400002,0,btc_5m,1790175000000,2,
1,559584,0,btc_5m,1790175300000,2,
1,150732,0,btc_5m,1790411100000,1,
1,227649,0,btc_5m,1790412000000,1,
1,203364,0,btc_5m,1790369700000,1,
1,208476,0,btc_5m,1790370300000,1,
1,256878,0,btc_5m,1790316900000,1,
1,331720,0,btc_5m,1790319000000,1,
1,364140,0,btc_5m,1790241300000,1,
1,468581,0,btc_5m,1790241900000,1,
1,267350,0,btc_5m,1790309700000,1,
1,348068,0,btc_5m,1790310000000,1,
1,103292,0,btc_5m,1790460300000,2,
1,188940,0,btc_5m,1790461500000,1,
1,459292,0,btc_5m,1790242800000,1,
1,263726,0,btc_5m,1790243400000,1,
1,197186,0,btc_5m,1790364000000,1,
1,268534,0,btc_5m,1790368800000,1,
1,466856,0,btc_5m,1790272500000,2,
1,230220,0,btc_5m,1790273100000,1,
1,330158,0,btc_5m,1790320200000,1,
1,160258,0,btc_5m,1790327100000,1,
1,393448,0,btc_5m,1790189700000,1,
1,383943,0,btc_5m,1790191800000,1,
1,317274,0,btc_5m,1790307600000,1,
1,359968,0,btc_5m,1790308200000,1,
1,321484,0,btc_5m,1790254800000,1,
1,374310,0,btc_5m,1790256000000,1,
1,338370,0,btc_5m,1790330700000,1,
1,132802,0,btc_5m,1790331900000,1,
1,154484,0,btc_5m,1790490000000,1,
1,175520,0,btc_5m,1790493300000,1,
1,420056,0,btc_5m,1790245800000,1,
1,567833,0,btc_5m,1790248500000,1,
1,393552,0,btc_5m,1790175900000,2,
1,619526,0,btc_5m,1790176200000,1,
1,378941,0,btc_5m,1790262900000,1,
1,321716,0,btc_5m,1790263200000,1,
1,406738,0,btc_5m,1790280900000,1,
1,282478,0,btc_5m,1790281500000,1,
1,352461,0,btc_5m,1790268000000,1,
1,329036,0,btc_5m,1790268600000,1,
1,412720,0,btc_5m,1790354400000,1,
1,208358,0,btc_5m,1790355600000,1,
1,233164,0,btc_5m,1790343000000,2,
1,466144,0,btc_5m,1790343300000,2,
1,599482,0,btc_5m,1790176800000,1,
1,351042,0,btc_5m,1790177700000,1,
1,374854,0,btc_5m,1790265000000,2,
1,488998,0,btc_5m,1790265300000,1,
1,284184,0,btc_5m,1790385000000,1,
1,175898,0,btc_5m,1790397000000,1,
1,163408,0,btc_5m,1790333700000,1,
1,423604,0,btc_5m,1790334600000,1,
1,233052,0,btc_5m,1790526000000,1,
1,150586,0,btc_5m,1790526600000,1,
1,295486,0,btc_5m,1790514000000,1,
1,203588,0,btc_5m,1790514900000,1,
1,473778,0,btc_5m,1790336100000,1,
1,182052,0,btc_5m,1790336400000,1,
1,307544,0,btc_5m,1790184000000,1,
1,492724,0,btc_5m,1790184900000,1,
1,587688,0,btc_5m,1790174100000,2,
1,520876,0,btc_5m,1790174400000,1,
1,127584,0,btc_5m,1790461800000,1,
1,284446,0,btc_5m,1790466900000,1,
1,556674,0,btc_5m,1790087700000,2,
1,708384,0,btc_5m,1790088000000,2,
1,390888,0,btc_5m,1790339400000,1,
1,308908,0,btc_5m,1790340000000,1,
1,355734,0,btc_5m,1790337900000,1,
1,277554,0,btc_5m,1790338500000,2,
1,464612,0,btc_5m,1790187300000,1,
1,460293,0,btc_5m,1790188200000,1,
1,365836,0,btc_5m,1790182800000,2,
1,519438,0,btc_5m,1790183100000,1,
1,269348,0,btc_5m,1790311500000,1,
1,378322,0,btc_5m,1790312100000,1,
1,303361,0,btc_5m,1790360700000,1,
1,370028,0,btc_5m,1790361300000,1,
1,283212,0,btc_5m,1790455500000,1,
1,183408,0,btc_5m,1790459400000,1,
1,406706,0,btc_5m,1790304900000,1,
1,297745,0,btc_5m,1790305800000,2,
1,383298,0,btc_5m,1790306100000,1,
1,333188,0,btc_5m,1790307000000,1,
1,407942,0,btc_5m,1790259000000,1,
1,290042,0,btc_5m,1790259900000,2,
1,138032,0,btc_5m,1790554800000,1,
1,288462,0,btc_5m,1790555100000,1,
1,246882,0,btc_5m,1790373300000,1,
1,246346,0,btc_5m,1790380500000,1,
1,282156,0,btc_5m,1790256600000,2,
1,522322,0,btc_5m,1790256900000,1,
1,216508,0,btc_5m,1790348100000,1,
1,419460,0,btc_5m,1790348400000,1,
1,438450,0,btc_5m,1790329500000,1,
1,448290,0,btc_5m,1790330100000,1,
1,306704,0,btc_5m,1790430900000,1,
1,207086,0,btc_5m,1790437800000,1,
1,472444,0,btc_5m,1790178600000,1,
1,533454,0,btc_5m,1790178900000,1,
1,426214,0,btc_5m,1790301900000,1,
1,387816,0,btc_5m,1790302500000,1,
1,277034,0,btc_5m,1790496000000,1,
1,271772,0,btc_5m,1790500200000,1,
1,366064,0,btc_5m,1790534700000,1,
1,165124,0,btc_5m,1790542800000,1,
1,489422,0,btc_5m,1790261700000,2,
1,568610,0,btc_5m,1790262000000,2,
1,193996,0,btc_5m,1790577600000,1,
1,287308,0,btc_5m,1790586000000,1,
1,272886,0,btc_5m,1790518200000,1,
1,301708,0,btc_5m,1790520000000,1,
1,217970,0,btc_5m,1790502900000,1,
1,468065,0,btc_5m,1790504100000,1,
1,362338,0,btc_5m,1790347200000,1,
1,473366,0,btc_5m,1790347500000,2,
1,425804,0,btc_5m,1790328000000,1,
1,321735,0,btc_5m,1790328600000,1,
1,458589,0,btc_5m,1790357400000,1,
1,277110,0,btc_5m,1790359200000,1,
1,523742,0,btc_5m,1790269200000,1,
1,550984,0,btc_5m,1790269500000,1,
1,455962,0,btc_5m,1790348700000,1,
1,513096,0,btc_5m,1790349000000,1,
1,348656,0,btc_5m,1790346000000,1,
1,540552,0,btc_5m,1790346900000,1,
1,204954,0,btc_5m,1790546400000,1,
1,365766,0,btc_5m,1790546700000,1,
1,456996,0,btc_5m,1790353800000,1,
1,448980,0,btc_5m,1790354100000,1,
1,235548,0,btc_5m,1790575800000,1,
1,307330,0,btc_5m,1790576400000,1,
1,239176,0,btc_5m,1790526900000,1,
1,257888,0,btc_5m,1790527200000,1,
1,492636,0,btc_5m,1790343600000,1,
1,433574,0,btc_5m,1790343900000,2,
1,381814,0,btc_5m,1790262300000,2,
1,614268,0,btc_5m,1790262600000,1,
1,258478,0,btc_5m,1790508900000,1,
1,313080,0,btc_5m,1790510100000,1,
1,414170,0,btc_5m,1790597400000,1,
1,182126,0,btc_5m,1790600400000,1,
1,362864,0,btc_5m,1790355900000,1,
1,488812,0,btc_5m,1790356200000,1,
1,276643,0,btc_5m,1790543700000,1,
1,347472,0,btc_5m,1790545200000,1,
1,278592,0,btc_5m,1790649900000,1,
1,219446,0,btc_5m,1790664600000,1,
1,401098,0,btc_5m,1790521500000,2,
1,275044,0,btc_5m,1790522700000,1,
1,256324,0,btc_5m,1790352000000,1,
1,675904,0,btc_5m,1790352300000,1,
1,624572,0,btc_5m,1790340300000,2,
1,360684,0,btc_5m,1790342100000,2,
1,233080,0,btc_5m,1790345400000,1,
1,683746,0,btc_5m,1790345700000,2,
1,456182,0,btc_5m,1790349300000,2,
1,410954,0,btc_5m,1790349600000,1,
1,323786,0,btc_5m,1790596800000,1,
1,149352,0,btc_5m,1790597100000,1,
1,298112,0,btc_5m,1790520600000,1,
1,400698,0,btc_5m,1790521200000,1,
1,388629,0,btc_5m,1790587200000,1,
1,248098,0,btc_5m,1790592600000,1,
1,483873,0,btc_5m,1790557200000,2,
1,278480,0,btc_5m,1790557800000,1,
1,199476,0,btc_5m,1790760600000,1,
1,270766,0,btc_5m,1790761500000,1,
1,370552,0,btc_5m,1790594400000,2,
1,134890,0,btc_5m,1790596500000,1,
1,339052,0,btc_5m,1790349900000,1,
1,508884,0,btc_5m,1790350800000,1,
1,209810,0,btc_5m,1790738100000,1,
1,225086,0,btc_5m,1790742900000,1,
1,176460,0,btc_5m,1790751300000,1,
1,368074,0,btc_5m,1790751600000,1,
1,603390,0,btc_5m,1790257500000,2,
1,593340,0,btc_5m,1790257800000,1,
1,292332,0,btc_5m,1790755500000,1,
1,195210,0,btc_5m,1790758200000,1,
1,267898,0,btc_5m,1790673900000,1,
1,260788,0,btc_5m,1790675400000,1,
1,164876,0,btc_5m,1790720100000,1,
1,314150,0,btc_5m,1790723700000,1,
1,341690,0,btc_5m,1790552700000,1,
1,336566,0,btc_5m,1790553300000,1,
1,335094,0,btc_5m,1790612100000,1,
1,252882,0,btc_5m,1790612400000,2,
1,227414,0,btc_5m,1790716800000,1,
1,203576,0,btc_5m,1790719800000,1,
1,250756,0,btc_5m,1790555400000,2,
1,428914,0,btc_5m,1790555700000,2,
1,275674,0,btc_5m,1790605200000,1,
1,418560,0,btc_5m,1790606100000,2,
1,486108,0,btc_5m,1790711700000,1,
1,149956,0,btc_5m,1790716500000,1,
1,422849,0,btc_5m,1790565900000,2,
1,354564,0,btc_5m,1790572500000,1,
1,227020,0,btc_5m,1790771400000,2,
1,314352,0,btc_5m,1790771700000,2,
1,404324,0,btc_5m,1790691600000,1,
1,227898,0,btc_5m,1790691900000,1,
1,344392,0,btc_5m,1790705100000,1,
1,344525,0,btc_5m,1790706600000,1,
1,342556,0,btc_5m,1790793600000,1,
1,184534,0,btc_5m,1790794200000,1,
1,232000,0,btc_5m,1790762400000,1,
1,297856,0,btc_5m,1790764500000,1,
1,226384,0,btc_5m,1790710800000,1,
1,539844,0,btc_5m,1790711400000,1,
1,446182,0,btc_5m,1790344800000,2,
1,672220,0,btc_5m,1790345100000,2,
1,441102,0,btc_5m,1790682600000,1,
1,330834,0,btc_5m,1790685000000,1,
1,495704,0,btc_5m,1790613300000,1,
1,467182,0,btc_5m,1790613900000,1,
1,469536,0,btc_5m,1790609100000,2,
1,245844,0,btc_5m,1790609700000,1,
1,405452,0,btc_5m,1790617500000,1,
1,468370,0,btc_5m,1790624400000,1,
1,461750,0,btc_5m,1790702100000,1,
1,173590,0,btc_5m,1790704800000,1,
1,458288,0,btc_5m,1790603400000,1,
1,424242,0,btc_5m,1790604300000,1,
1,327486,0,btc_5m,1790692500000,1,
1,525505,0,btc_5m,1790692800000,1,
1,437438,0,btc_5m,1790688300000,1,
1,355140,0,btc_5m,1790688600000,2,
1,486268,0,btc_5m,1790753100000,1,
1,213902,0,btc_5m,1790753700000,1,
1,241190,0,btc_5m,1790831400000,1,
1,163490,0,btc_5m,1790835000000,1,
1,235402,0,btc_5m,1790816700000,1,
1,374750,0,btc_5m,1790817300000,1,
1,395594,0,btc_5m,1790766900000,1,
1,244458,0,btc_5m,1790768400000,1,
1,402410,0,btc_5m,1790685600000,1,
1,472740,0,btc_5m,1790686500000,1,
1,236430,0,btc_5m,1790558400000,1,
1,526620,0,btc_5m,1790559600000,1,
1,357098,0,btc_5m,1790560800000,2,
1,394284,0,btc_5m,1790563500000,1,
1,544262,0,btc_5m,1790560200000,1,
1,419830,0,btc_5m,1790560500000,1,
1,458058,0,btc_5m,1790665800000,1,
1,431200,0,btc_5m,1790671200000,1,
1,449494,0,btc_5m,1790614800000,2,
1,386260,0,btc_5m,1790615100000,1,
1,567816,0,btc_5m,1790693400000,1,
1,320614,0,btc_5m,1790694000000,1,
1,280322,0,btc_5m,1790727900000,1,
1,442320,0,btc_5m,1790728200000,1,
1,486099,0,btc_5m,1790645700000,1,
1,394994,0,btc_5m,1790646300000,1,
1,466983,0,btc_5m,1790697300000,1,
1,417882,0,btc_5m,1790697900000,1,
1,553212,0,btc_5m,1790746500000,1,
1,388230,0,btc_5m,1790750400000,1,
1,337464,0,btc_5m,1790612700000,1,
1,565428,0,btc_5m,1790613000000,1,
1,381140,0,btc_5m,1790592900000,1,
1,529977,0,btc_5m,1790594100000,1,
1,242731,0,btc_5m,1790615400000,1,
1,630551,0,btc_5m,1790615700000,1,
1,396050,0,btc_5m,1790775000000,2,
1,227528,0,btc_5m,1790775300000,2,
1,184936,0,btc_5m,1790807100000,1,
1,455876,0,btc_5m,1790810100000,1,
1,317546,0,btc_5m,1790792400000,1,
1,385776,0,btc_5m,1790793000000,1,
1,503180,0,btc_5m,1790625300000,2,
1,481136,0,btc_5m,1790625600000,1,
1,403340,0,btc_5m,1790812200000,2,
1,223048,0,btc_5m,1790813700000,1,
1,675318,0,btc_5m,1790607900000,1,
1,471390,0,btc_5m,1790608200000,2,
1,343929,0,btc_5m,1790759700000,1,
1,314750,0,btc_5m,1790760000000,1,
1,437932,0,btc_5m,1790607000000,2,
1,649614,0,btc_5m,1790607300000,1,
1,193686,0,btc_5m,1790601900000,1,
1,699734,0,btc_5m,1790602200000,1,
1,553250,0,btc_5m,1790695200000,1,
1,424026,0,btc_5m,1790695800000,1,
1,476654,0,btc_5m,1790694300000,1,
1,370652,0,btc_5m,1790694600000,1,
1,367760,0,btc_5m,1790797500000,1,
1,227460,0,btc_5m,1790797800000,1,
1,327328,0,btc_5m,1790857500000,2,
1,294386,0,btc_5m,1790859000000,2,
1,427630,0,btc_5m,1790824500000,1,
1,196866,0,btc_5m,1790826600000,1,
1,398610,0,btc_5m,1790678700000,1,
1,442056,0,btc_5m,1790681700000,1,
1,196670,0,btc_5m,1790879700000,1,
1,202260,0,btc_5m,1790880000000,1,
1,526602,0,btc_5m,1790646900000,1,
1,366410,0,btc_5m,1790648700000,1,
1,389942,0,btc_5m,1790789700000,1,
1,324966,0,btc_5m,1790791200000,1,
1,605696,0,btc_5m,1790798700000,1,
1,190186,0,btc_5m,1790802000000,1,
1,345398,0,btc_5m,1790772600000,2,
1,542214,0,btc_5m,1790772900000,1,
1,210590,0,btc_5m,1790839200000,1,
1,425574,0,btc_5m,1790839500000,1,
1,377436,0,btc_5m,1790773200000,1,
1,360226,0,btc_5m,1790773500000,1,
1,499442,0,btc_5m,1790772000000,2,
1,520584,0,btc_5m,1790772300000,1,
1,454388,0,btc_5m,1790676300000,1,
1,379006,0,btc_5m,1790678400000,2,
1,321936,0,btc_5m,1790828100000,1,
1,198342,0,btc_5m,1790829900000,1,
1,335968,0,btc_5m,1790777700000,1,
1,443818,0,btc_5m,1790778000000,2,
1,288440,0,btc_5m,1790606400000,1,
1,735376,0,btc_5m,1790606700000,1,
1,433730,0,btc_5m,1790779500000,1,
1,442390,0,btc_5m,1790779800000,1,
1,552926,0,btc_5m,1790783400000,1,
1,390994,0,btc_5m,1790784600000,1,
1,551114,0,btc_5m,1790780700000,1,
1,426102,0,btc_5m,1790781600000,2,
1,531780,0,btc_5m,1790830200000,1,
1,437334,0,btc_5m,1790830800000,1,
1,667561,0,btc_5m,1790700300000,1,
1,353020,0,btc_5m,1790700900000,1,
1,449784,0,btc_5m,1790774400000,1,
1,434360,0,btc_5m,1790774700000,1,
1,285792,0,btc_5m,1790821800000,1,
1,469234,0,btc_5m,1790823900000,1,
1,488726,0,btc_5m,1790643600000,1,
1,492929,0,btc_5m,1790644200000,1,
1,390830,0,btc_5m,1790850000000,1,
1,427976,0,btc_5m,1790852700000,1,
1,482270,0,btc_5m,1790787600000,1,
1,410604,0,btc_5m,1790789100000,1,
1,462164,0,btc_5m,1790781900000,1,
1,458162,0,btc_5m,1790782500000,1,
1,309406,0,btc_5m,1790869500000,1,
1,449860,0,btc_5m,1790869800000,1,
1,360812,0,btc_5m,1790859600000,1,
1,570000,0,btc_5m,1790859900000,1,
1,390976,0,btc_5m,1790872500000,1,
1,403284,0,btc_5m,1790873400000,1,
1,353320,0,btc_5m,1790855700000,1,
1,232344,0,btc_5m,1790856900000,1,
1,518844,0,btc_5m,1790773800000,2,
1,552780,0,btc_5m,1790774100000,2,
1,447314,0,btc_5m,1790608500000,1,
1,666314,0,btc_5m,1790608800000,1,
1,357880,0,btc_5m,1790867100000,1,
1,518084,0,btc_5m,1790868000000,1,
1,280656,0,btc_5m,1790839800000,1,
1,620876,0,btc_5m,1790840400000,1,
1,512438,0,btc_5m,1790778300000,2,
1,537032,0,btc_5m,1790778600000,2,
1,424389,0,btc_5m,1790877000000,1,
1,378222,0,btc_5m,1790877600000,1,
1,417994,0,btc_5m,1790819400000,1,
1,553244,0,btc_5m,1790821200000,1,
1,495856,0,btc_5m,1790877900000,1,
1,325014,0,btc_5m,1790879100000,1,
1,581624,0,btc_5m,1790688900000,2,
1,555319,0,btc_5m,1790689500000,1,
1,533754,0,btc_5m,1790778900000,2,
1,558076,0,btc_5m,1790779200000,2,
1,583698,0,btc_5m,1790775600000,2,
1,560580,0,btc_5m,1790775900000,2,
1,355308,0,btc_5m,1790873700000,1,
1,464088,0,btc_5m,1790874600000,2,
1,461234,0,btc_5m,1790880600000,2,
1,436154,0,btc_5m,1790882700000,1,
1,647858,0,btc_5m,1790870100000,1,
1,470320,0,btc_5m,1790871300000,2,
1,361472,0,btc_5m,1790863200000,2,
1,513574,0,btc_5m,1790863500000,2,
1,384644,0,btc_5m,1790853900000,1,
1,439248,0,btc_5m,1790855400000,2,
1,543022,0,btc_5m,1790776800000,2,
1,677226,0,btc_5m,1790777400000,1,
1,628754,0,btc_5m,1790875800000,2,
1,539076,0,btc_5m,1790876700000,1,
1,538552,0,btc_5m,1790780100000,2,
1,519912,0,btc_5m,1790780400000,2,
1,594005,0,btc_5m,1790602500000,2,
1,708810,0,btc_5m,1790602800000,2,
1,709614,0,btc_5m,1790864400000,1,
1,413100,0,btc_5m,1790864700000,2,
1,269576,0,btc_5m,1790865600000,2,
1,553524,0,btc_5m,1790866800000,2,
1,723238,0,btc_5m,1790776200000,1,
1,532912,0,btc_5m,1790776500000,2,
1,703398,0,btc_5m,1790865000000,2,
1,378830,0,btc_5m,1790865300000,1,
1,502176,0,btc_5m,1790861100000,1,
1,510846,0,btc_5m,1790861400000,2,
1,716302,0,btc_5m,1790862000000,1,
1,707120,0,btc_5m,1790862300000,1,
